"","Player","Yr","allstar"
"1","Kareem Abdul-Jabbar","1970",1
"2","Kareem Abdul-Jabbar","1971",1
"3","Kareem Abdul-Jabbar","1972",1
"4","Kareem Abdul-Jabbar","1973",1
"5","Kareem Abdul-Jabbar","1974",1
"6","Kareem Abdul-Jabbar","1975",1
"7","Kareem Abdul-Jabbar","1976",1
"8","Kareem Abdul-Jabbar","1977",1
"9","Kareem Abdul-Jabbar","1979",1
"10","Kareem Abdul-Jabbar","1980",1
"11","Kareem Abdul-Jabbar","1981",1
"12","Kareem Abdul-Jabbar","1982",1
"13","Kareem Abdul-Jabbar","1983",1
"14","Kareem Abdul-Jabbar","1984",1
"15","Kareem Abdul-Jabbar","1985",1
"16","Kareem Abdul-Jabbar","1986",1
"17","Kareem Abdul-Jabbar","1987",1
"18","Kareem Abdul-Jabbar","1988",1
"19","Kareem Abdul-Jabbar","1989",1
"20","Kobe Bryant","1998",1
"21","Kobe Bryant","2000",1
"22","Kobe Bryant","2001",1
"23","Kobe Bryant","2002",1
"24","Kobe Bryant","2003",1
"25","Kobe Bryant","2004",1
"26","Kobe Bryant","2005",1
"27","Kobe Bryant","2006",1
"28","Kobe Bryant","2007",1
"29","Kobe Bryant","2008",1
"30","Kobe Bryant","2009",1
"31","Kobe Bryant","2010",1
"32","Kobe Bryant","2011",1
"33","Kobe Bryant","2012",1
"34","Kobe Bryant","2013",1
"35","Kobe Bryant","2014",1
"36","Kobe Bryant","2015",1
"37","Kobe Bryant","2016",1
"38","LeBron James","2005",1
"39","LeBron James","2006",1
"40","LeBron James","2007",1
"41","LeBron James","2008",1
"42","LeBron James","2009",1
"43","LeBron James","2010",1
"44","LeBron James","2011",1
"45","LeBron James","2012",1
"46","LeBron James","2013",1
"47","LeBron James","2014",1
"48","LeBron James","2015",1
"49","LeBron James","2016",1
"50","LeBron James","2017",1
"51","LeBron James","2018",1
"52","LeBron James","2019",1
"53","LeBron James","2020",1
"54","Tim Duncan","1998",1
"55","Tim Duncan","2000",1
"56","Tim Duncan","2001",1
"57","Tim Duncan","2002",1
"58","Tim Duncan","2003",1
"59","Tim Duncan","2004",1
"60","Tim Duncan","2005",1
"61","Tim Duncan","2006",1
"62","Tim Duncan","2007",1
"63","Tim Duncan","2008",1
"64","Tim Duncan","2009",1
"65","Tim Duncan","2010",1
"66","Tim Duncan","2011",1
"67","Tim Duncan","2013",1
"68","Tim Duncan","2015",1
"69","Kevin Garnett","1997",1
"70","Kevin Garnett","1998",1
"71","Kevin Garnett","2000",1
"72","Kevin Garnett","2001",1
"73","Kevin Garnett","2002",1
"74","Kevin Garnett","2003",1
"75","Kevin Garnett","2004",1
"76","Kevin Garnett","2005",1
"77","Kevin Garnett","2006",1
"78","Kevin Garnett","2007",1
"79","Kevin Garnett","2008",1
"80","Kevin Garnett","2009",1
"81","Kevin Garnett","2010",1
"82","Kevin Garnett","2011",1
"83","Kevin Garnett","2013",1
"84","Shaquille O'Neal","1993",1
"85","Shaquille O'Neal","1994",1
"86","Shaquille O'Neal","1995",1
"87","Shaquille O'Neal","1996",1
"88","Shaquille O'Neal","1997",1
"89","Shaquille O'Neal","1998",1
"90","Shaquille O'Neal","2000",1
"91","Shaquille O'Neal","2001",1
"92","Shaquille O'Neal","2002",1
"93","Shaquille O'Neal","2003",1
"94","Shaquille O'Neal","2004",1
"95","Shaquille O'Neal","2005",1
"96","Shaquille O'Neal","2006",1
"97","Shaquille O'Neal","2007",1
"98","Shaquille O'Neal","2009",1
"99","Michael Jordan","1985",1
"100","Michael Jordan","1986",1
"101","Michael Jordan","1987",1
"102","Michael Jordan","1988",1
"103","Michael Jordan","1989",1
"104","Michael Jordan","1990",1
"105","Michael Jordan","1991",1
"106","Michael Jordan","1992",1
"107","Michael Jordan","1993",1
"108","Michael Jordan","1996",1
"109","Michael Jordan","1997",1
"110","Michael Jordan","1998",1
"111","Michael Jordan","2002",1
"112","Michael Jordan","2003",1
"113","Karl Malone","1988",1
"114","Karl Malone","1989",1
"115","Karl Malone","1990",1
"116","Karl Malone","1991",1
"117","Karl Malone","1992",1
"118","Karl Malone","1993",1
"119","Karl Malone","1994",1
"120","Karl Malone","1995",1
"121","Karl Malone","1996",1
"122","Karl Malone","1997",1
"123","Karl Malone","1998",1
"124","Karl Malone","2000",1
"125","Karl Malone","2001",1
"126","Karl Malone","2002",1
"127","Dirk Nowitzki","2002",1
"128","Dirk Nowitzki","2003",1
"129","Dirk Nowitzki","2004",1
"130","Dirk Nowitzki","2005",1
"131","Dirk Nowitzki","2006",1
"132","Dirk Nowitzki","2007",1
"133","Dirk Nowitzki","2008",1
"134","Dirk Nowitzki","2009",1
"135","Dirk Nowitzki","2010",1
"136","Dirk Nowitzki","2011",1
"137","Dirk Nowitzki","2012",1
"138","Dirk Nowitzki","2014",1
"139","Dirk Nowitzki","2015",1
"140","Dirk Nowitzki","2019",1
"141","Jerry West","1961",1
"142","Jerry West","1962",1
"143","Jerry West","1963",1
"144","Jerry West","1964",1
"145","Jerry West","1965",1
"146","Jerry West","1966",1
"147","Jerry West","1967",1
"148","Jerry West","1968",1
"149","Jerry West","1969",1
"150","Jerry West","1970",1
"151","Jerry West","1971",1
"152","Jerry West","1972",1
"153","Jerry West","1973",1
"154","Jerry West","1974",1
"155","Wilt Chamberlain","1960",1
"156","Wilt Chamberlain","1961",1
"157","Wilt Chamberlain","1962",1
"158","Wilt Chamberlain","1963",1
"159","Wilt Chamberlain","1964",1
"160","Wilt Chamberlain","1965",1
"161","Wilt Chamberlain","1966",1
"162","Wilt Chamberlain","1967",1
"163","Wilt Chamberlain","1968",1
"164","Wilt Chamberlain","1969",1
"165","Wilt Chamberlain","1971",1
"166","Wilt Chamberlain","1972",1
"167","Wilt Chamberlain","1973",1
"168","Bob Cousy","1951",1
"169","Bob Cousy","1952",1
"170","Bob Cousy","1953",1
"171","Bob Cousy","1954",1
"172","Bob Cousy","1955",1
"173","Bob Cousy","1956",1
"174","Bob Cousy","1957",1
"175","Bob Cousy","1958",1
"176","Bob Cousy","1959",1
"177","Bob Cousy","1960",1
"178","Bob Cousy","1961",1
"179","Bob Cousy","1962",1
"180","Bob Cousy","1963",1
"181","John Havlicek","1966",1
"182","John Havlicek","1967",1
"183","John Havlicek","1968",1
"184","John Havlicek","1969",1
"185","John Havlicek","1970",1
"186","John Havlicek","1971",1
"187","John Havlicek","1972",1
"188","John Havlicek","1973",1
"189","John Havlicek","1974",1
"190","John Havlicek","1975",1
"191","John Havlicek","1976",1
"192","John Havlicek","1977",1
"193","John Havlicek","1978",1
"194","Dwyane Wade","2005",1
"195","Dwyane Wade","2006",1
"196","Dwyane Wade","2007",1
"197","Dwyane Wade","2008",1
"198","Dwyane Wade","2009",1
"199","Dwyane Wade","2010",1
"200","Dwyane Wade","2011",1
"201","Dwyane Wade","2012",1
"202","Dwyane Wade","2013",1
"203","Dwyane Wade","2014",1
"204","Dwyane Wade","2015",1
"205","Dwyane Wade","2016",1
"206","Dwyane Wade","2019",1
"207","Larry Bird","1980",1
"208","Larry Bird","1981",1
"209","Larry Bird","1982",1
"210","Larry Bird","1983",1
"211","Larry Bird","1984",1
"212","Larry Bird","1985",1
"213","Larry Bird","1986",1
"214","Larry Bird","1987",1
"215","Larry Bird","1988",1
"216","Larry Bird","1990",1
"217","Larry Bird","1991",1
"218","Larry Bird","1992",1
"219","Elvin Hayes","1969",1
"220","Elvin Hayes","1970",1
"221","Elvin Hayes","1971",1
"222","Elvin Hayes","1972",1
"223","Elvin Hayes","1973",1
"224","Elvin Hayes","1974",1
"225","Elvin Hayes","1975",1
"226","Elvin Hayes","1976",1
"227","Elvin Hayes","1977",1
"228","Elvin Hayes","1978",1
"229","Elvin Hayes","1979",1
"230","Elvin Hayes","1980",1
"231","Magic Johnson","1980",1
"232","Magic Johnson","1982",1
"233","Magic Johnson","1983",1
"234","Magic Johnson","1984",1
"235","Magic Johnson","1985",1
"236","Magic Johnson","1986",1
"237","Magic Johnson","1987",1
"238","Magic Johnson","1988",1
"239","Magic Johnson","1989",1
"240","Magic Johnson","1990",1
"241","Magic Johnson","1991",1
"242","Magic Johnson","1992",1
"243","Moses Malone","1978",1
"244","Moses Malone","1979",1
"245","Moses Malone","1980",1
"246","Moses Malone","1981",1
"247","Moses Malone","1982",1
"248","Moses Malone","1983",1
"249","Moses Malone","1984",1
"250","Moses Malone","1985",1
"251","Moses Malone","1986",1
"252","Moses Malone","1987",1
"253","Moses Malone","1988",1
"254","Moses Malone","1989",1
"255","Hakeem Olajuwon","1985",1
"256","Hakeem Olajuwon","1986",1
"257","Hakeem Olajuwon","1987",1
"258","Hakeem Olajuwon","1988",1
"259","Hakeem Olajuwon","1989",1
"260","Hakeem Olajuwon","1990",1
"261","Hakeem Olajuwon","1992",1
"262","Hakeem Olajuwon","1993",1
"263","Hakeem Olajuwon","1994",1
"264","Hakeem Olajuwon","1995",1
"265","Hakeem Olajuwon","1996",1
"266","Hakeem Olajuwon","1997",1
"267","Oscar Robertson","1961",1
"268","Oscar Robertson","1962",1
"269","Oscar Robertson","1963",1
"270","Oscar Robertson","1964",1
"271","Oscar Robertson","1965",1
"272","Oscar Robertson","1966",1
"273","Oscar Robertson","1967",1
"274","Oscar Robertson","1968",1
"275","Oscar Robertson","1969",1
"276","Oscar Robertson","1970",1
"277","Oscar Robertson","1971",1
"278","Oscar Robertson","1972",1
"279","Bill Russell","1958",1
"280","Bill Russell","1959",1
"281","Bill Russell","1960",1
"282","Bill Russell","1961",1
"283","Bill Russell","1962",1
"284","Bill Russell","1963",1
"285","Bill Russell","1964",1
"286","Bill Russell","1965",1
"287","Bill Russell","1966",1
"288","Bill Russell","1967",1
"289","Bill Russell","1968",1
"290","Bill Russell","1969",1
"291","Dolph Schayes","1951",1
"292","Dolph Schayes","1952",1
"293","Dolph Schayes","1953",1
"294","Dolph Schayes","1954",1
"295","Dolph Schayes","1955",1
"296","Dolph Schayes","1956",1
"297","Dolph Schayes","1957",1
"298","Dolph Schayes","1958",1
"299","Dolph Schayes","1959",1
"300","Dolph Schayes","1960",1
"301","Dolph Schayes","1961",1
"302","Dolph Schayes","1962",1
"303","Isiah Thomas","1982",1
"304","Isiah Thomas","1983",1
"305","Isiah Thomas","1984",1
"306","Isiah Thomas","1985",1
"307","Isiah Thomas","1986",1
"308","Isiah Thomas","1987",1
"309","Isiah Thomas","1988",1
"310","Isiah Thomas","1989",1
"311","Isiah Thomas","1990",1
"312","Isiah Thomas","1991",1
"313","Isiah Thomas","1992",1
"314","Isiah Thomas","1993",1
"315","Charles Barkley","1987",1
"316","Charles Barkley","1988",1
"317","Charles Barkley","1989",1
"318","Charles Barkley","1990",1
"319","Charles Barkley","1991",1
"320","Charles Barkley","1992",1
"321","Charles Barkley","1993",1
"322","Charles Barkley","1994",1
"323","Charles Barkley","1995",1
"324","Charles Barkley","1996",1
"325","Charles Barkley","1997",1
"326","Elgin Baylor","1959",1
"327","Elgin Baylor","1960",1
"328","Elgin Baylor","1961",1
"329","Elgin Baylor","1962",1
"330","Elgin Baylor","1963",1
"331","Elgin Baylor","1964",1
"332","Elgin Baylor","1965",1
"333","Elgin Baylor","1967",1
"334","Elgin Baylor","1968",1
"335","Elgin Baylor","1969",1
"336","Elgin Baylor","1970",1
"337","Chris Bosh","2006",1
"338","Chris Bosh","2007",1
"339","Chris Bosh","2008",1
"340","Chris Bosh","2009",1
"341","Chris Bosh","2010",1
"342","Chris Bosh","2011",1
"343","Chris Bosh","2012",1
"344","Chris Bosh","2013",1
"345","Chris Bosh","2014",1
"346","Chris Bosh","2015",1
"347","Chris Bosh","2016",1
"348","Julius Erving","1977",1
"349","Julius Erving","1978",1
"350","Julius Erving","1979",1
"351","Julius Erving","1980",1
"352","Julius Erving","1981",1
"353","Julius Erving","1982",1
"354","Julius Erving","1983",1
"355","Julius Erving","1984",1
"356","Julius Erving","1985",1
"357","Julius Erving","1986",1
"358","Julius Erving","1987",1
"359","Patrick Ewing","1986",1
"360","Patrick Ewing","1988",1
"361","Patrick Ewing","1989",1
"362","Patrick Ewing","1990",1
"363","Patrick Ewing","1991",1
"364","Patrick Ewing","1992",1
"365","Patrick Ewing","1993",1
"366","Patrick Ewing","1994",1
"367","Patrick Ewing","1995",1
"368","Patrick Ewing","1996",1
"369","Patrick Ewing","1997",1
"370","Allen Iverson","2000",1
"371","Allen Iverson","2001",1
"372","Allen Iverson","2002",1
"373","Allen Iverson","2003",1
"374","Allen Iverson","2004",1
"375","Allen Iverson","2005",1
"376","Allen Iverson","2006",1
"377","Allen Iverson","2007",1
"378","Allen Iverson","2008",1
"379","Allen Iverson","2009",1
"380","Allen Iverson","2010",1
"381","Bob Pettit","1955",1
"382","Bob Pettit","1956",1
"383","Bob Pettit","1957",1
"384","Bob Pettit","1958",1
"385","Bob Pettit","1959",1
"386","Bob Pettit","1960",1
"387","Bob Pettit","1961",1
"388","Bob Pettit","1962",1
"389","Bob Pettit","1963",1
"390","Bob Pettit","1964",1
"391","Bob Pettit","1965",1
"392","Ray Allen","2000",1
"393","Ray Allen","2001",1
"394","Ray Allen","2002",1
"395","Ray Allen","2004",1
"396","Ray Allen","2005",1
"397","Ray Allen","2006",1
"398","Ray Allen","2007",1
"399","Ray Allen","2008",1
"400","Ray Allen","2009",1
"401","Ray Allen","2011",1
"402","Carmelo Anthony","2007",1
"403","Carmelo Anthony","2008",1
"404","Carmelo Anthony","2010",1
"405","Carmelo Anthony","2011",1
"406","Carmelo Anthony","2012",1
"407","Carmelo Anthony","2013",1
"408","Carmelo Anthony","2014",1
"409","Carmelo Anthony","2015",1
"410","Carmelo Anthony","2016",1
"411","Carmelo Anthony","2017",1
"412","Paul Arizin","1951",1
"413","Paul Arizin","1952",1
"414","Paul Arizin","1955",1
"415","Paul Arizin","1956",1
"416","Paul Arizin","1957",1
"417","Paul Arizin","1958",1
"418","Paul Arizin","1959",1
"419","Paul Arizin","1960",1
"420","Paul Arizin","1961",1
"421","Paul Arizin","1962",1
"422","Clyde Drexler","1986",1
"423","Clyde Drexler","1988",1
"424","Clyde Drexler","1989",1
"425","Clyde Drexler","1990",1
"426","Clyde Drexler","1991",1
"427","Clyde Drexler","1992",1
"428","Clyde Drexler","1993",1
"429","Clyde Drexler","1994",1
"430","Clyde Drexler","1996",1
"431","Clyde Drexler","1997",1
"432","Kevin Durant","2010",1
"433","Kevin Durant","2011",1
"434","Kevin Durant","2012",1
"435","Kevin Durant","2013",1
"436","Kevin Durant","2014",1
"437","Kevin Durant","2015",1
"438","Kevin Durant","2016",1
"439","Kevin Durant","2017",1
"440","Kevin Durant","2018",1
"441","Kevin Durant","2019",1
"442","Hal Greer","1961",1
"443","Hal Greer","1962",1
"444","Hal Greer","1963",1
"445","Hal Greer","1964",1
"446","Hal Greer","1965",1
"447","Hal Greer","1966",1
"448","Hal Greer","1967",1
"449","Hal Greer","1968",1
"450","Hal Greer","1969",1
"451","Hal Greer","1970",1
"452","Jason Kidd","1996",1
"453","Jason Kidd","1998",1
"454","Jason Kidd","2000",1
"455","Jason Kidd","2001",1
"456","Jason Kidd","2002",1
"457","Jason Kidd","2003",1
"458","Jason Kidd","2004",1
"459","Jason Kidd","2007",1
"460","Jason Kidd","2008",1
"461","Jason Kidd","2010",1
"462","Chris Paul","2008",1
"463","Chris Paul","2009",1
"464","Chris Paul","2010",1
"465","Chris Paul","2011",1
"466","Chris Paul","2012",1
"467","Chris Paul","2013",1
"468","Chris Paul","2014",1
"469","Chris Paul","2015",1
"470","Chris Paul","2016",1
"471","Chris Paul","2020",1
"472","Paul Pierce","2002",1
"473","Paul Pierce","2003",1
"474","Paul Pierce","2004",1
"475","Paul Pierce","2005",1
"476","Paul Pierce","2006",1
"477","Paul Pierce","2008",1
"478","Paul Pierce","2009",1
"479","Paul Pierce","2010",1
"480","Paul Pierce","2011",1
"481","Paul Pierce","2012",1
"482","David Robinson","1990",1
"483","David Robinson","1991",1
"484","David Robinson","1992",1
"485","David Robinson","1993",1
"486","David Robinson","1994",1
"487","David Robinson","1995",1
"488","David Robinson","1996",1
"489","David Robinson","1998",1
"490","David Robinson","2000",1
"491","David Robinson","2001",1
"492","John Stockton","1989",1
"493","John Stockton","1990",1
"494","John Stockton","1991",1
"495","John Stockton","1992",1
"496","John Stockton","1993",1
"497","John Stockton","1994",1
"498","John Stockton","1995",1
"499","John Stockton","1996",1
"500","John Stockton","1997",1
"501","John Stockton","2000",1
"502","George Gervin","1977",1
"503","George Gervin","1978",1
"504","George Gervin","1979",1
"505","George Gervin","1980",1
"506","George Gervin","1981",1
"507","George Gervin","1982",1
"508","George Gervin","1983",1
"509","George Gervin","1984",1
"510","George Gervin","1985",1
"511","Robert Parish","1981",1
"512","Robert Parish","1982",1
"513","Robert Parish","1983",1
"514","Robert Parish","1984",1
"515","Robert Parish","1985",1
"516","Robert Parish","1986",1
"517","Robert Parish","1987",1
"518","Robert Parish","1990",1
"519","Robert Parish","1991",1
"520","Gary Payton","1994",1
"521","Gary Payton","1995",1
"522","Gary Payton","1996",1
"523","Gary Payton","1997",1
"524","Gary Payton","1998",1
"525","Gary Payton","2000",1
"526","Gary Payton","2001",1
"527","Gary Payton","2002",1
"528","Gary Payton","2003",1
"529","Russell Westbrook","2011",1
"530","Russell Westbrook","2012",1
"531","Russell Westbrook","2013",1
"532","Russell Westbrook","2015",1
"533","Russell Westbrook","2016",1
"534","Russell Westbrook","2017",1
"535","Russell Westbrook","2018",1
"536","Russell Westbrook","2019",1
"537","Russell Westbrook","2020",1
"538","Lenny Wilkens","1963",1
"539","Lenny Wilkens","1964",1
"540","Lenny Wilkens","1965",1
"541","Lenny Wilkens","1967",1
"542","Lenny Wilkens","1968",1
"543","Lenny Wilkens","1969",1
"544","Lenny Wilkens","1970",1
"545","Lenny Wilkens","1971",1
"546","Lenny Wilkens","1973",1
"547","Dominique Wilkins","1986",1
"548","Dominique Wilkins","1987",1
"549","Dominique Wilkins","1988",1
"550","Dominique Wilkins","1989",1
"551","Dominique Wilkins","1990",1
"552","Dominique Wilkins","1991",1
"553","Dominique Wilkins","1992",1
"554","Dominique Wilkins","1993",1
"555","Dominique Wilkins","1994",1
"556","Rick Barry","1966",1
"557","Rick Barry","1967",1
"558","Rick Barry","1973",1
"559","Rick Barry","1974",1
"560","Rick Barry","1975",1
"561","Rick Barry","1976",1
"562","Rick Barry","1977",1
"563","Rick Barry","1978",1
"564","Vince Carter","2000",1
"565","Vince Carter","2001",1
"566","Vince Carter","2002",1
"567","Vince Carter","2003",1
"568","Vince Carter","2004",1
"569","Vince Carter","2005",1
"570","Vince Carter","2006",1
"571","Vince Carter","2007",1
"572","Dave Cowens","1972",1
"573","Dave Cowens","1973",1
"574","Dave Cowens","1974",1
"575","Dave Cowens","1975",1
"576","Dave Cowens","1976",1
"577","Dave Cowens","1977",1
"578","Dave Cowens","1978",1
"579","Dave Cowens","1980",1
"580","Dave DeBusschere","1966",1
"581","Dave DeBusschere","1967",1
"582","Dave DeBusschere","1968",1
"583","Dave DeBusschere","1970",1
"584","Dave DeBusschere","1971",1
"585","Dave DeBusschere","1972",1
"586","Dave DeBusschere","1973",1
"587","Dave DeBusschere","1974",1
"588","Alex English","1982",1
"589","Alex English","1983",1
"590","Alex English","1984",1
"591","Alex English","1985",1
"592","Alex English","1986",1
"593","Alex English","1987",1
"594","Alex English","1988",1
"595","Alex English","1989",1
"596","Larry Foust","1951",1
"597","Larry Foust","1952",1
"598","Larry Foust","1953",1
"599","Larry Foust","1954",1
"600","Larry Foust","1955",1
"601","Larry Foust","1956",1
"602","Larry Foust","1958",1
"603","Larry Foust","1959",1
"604","James Harden","2013",1
"605","James Harden","2014",1
"606","James Harden","2015",1
"607","James Harden","2016",1
"608","James Harden","2017",1
"609","James Harden","2018",1
"610","James Harden","2019",1
"611","James Harden","2020",1
"612","Dwight Howard","2007",1
"613","Dwight Howard","2008",1
"614","Dwight Howard","2009",1
"615","Dwight Howard","2010",1
"616","Dwight Howard","2011",1
"617","Dwight Howard","2012",1
"618","Dwight Howard","2013",1
"619","Dwight Howard","2014",1
"620","Bob Lanier","1972",1
"621","Bob Lanier","1973",1
"622","Bob Lanier","1974",1
"623","Bob Lanier","1975",1
"624","Bob Lanier","1977",1
"625","Bob Lanier","1978",1
"626","Bob Lanier","1979",1
"627","Bob Lanier","1982",1
"628","Dikembe Mutombo","1992",1
"629","Dikembe Mutombo","1995",1
"630","Dikembe Mutombo","1996",1
"631","Dikembe Mutombo","1997",1
"632","Dikembe Mutombo","1998",1
"633","Dikembe Mutombo","2000",1
"634","Dikembe Mutombo","2001",1
"635","Dikembe Mutombo","2002",1
"636","Steve Nash","2002",1
"637","Steve Nash","2003",1
"638","Steve Nash","2005",1
"639","Steve Nash","2006",1
"640","Steve Nash","2007",1
"641","Steve Nash","2008",1
"642","Steve Nash","2010",1
"643","Steve Nash","2012",1
"644","Bill Sharman","1953",1
"645","Bill Sharman","1954",1
"646","Bill Sharman","1955",1
"647","Bill Sharman","1956",1
"648","Bill Sharman","1957",1
"649","Bill Sharman","1958",1
"650","Bill Sharman","1959",1
"651","Bill Sharman","1960",1
"652","Yao Ming","2003",1
"653","Yao Ming","2004",1
"654","Yao Ming","2005",1
"655","Yao Ming","2006",1
"656","Yao Ming","2007",1
"657","Yao Ming","2008",1
"658","Yao Ming","2009",1
"659","Yao Ming","2011",1
"660","LaMarcus Aldridge","2012",1
"661","LaMarcus Aldridge","2013",1
"662","LaMarcus Aldridge","2014",1
"663","LaMarcus Aldridge","2015",1
"664","LaMarcus Aldridge","2016",1
"665","LaMarcus Aldridge","2018",1
"666","LaMarcus Aldridge","2019",1
"667","Dave Bing","1968",1
"668","Dave Bing","1969",1
"669","Dave Bing","1971",1
"670","Dave Bing","1973",1
"671","Dave Bing","1974",1
"672","Dave Bing","1975",1
"673","Dave Bing","1976",1
"674","Anthony Davis","2014",1
"675","Anthony Davis","2015",1
"676","Anthony Davis","2016",1
"677","Anthony Davis","2017",1
"678","Anthony Davis","2018",1
"679","Anthony Davis","2019",1
"680","Anthony Davis","2020",1
"681","Walt Frazier","1970",1
"682","Walt Frazier","1971",1
"683","Walt Frazier","1972",1
"684","Walt Frazier","1973",1
"685","Walt Frazier","1974",1
"686","Walt Frazier","1975",1
"687","Walt Frazier","1976",1
"688","Harry Gallatin","1951",1
"689","Harry Gallatin","1952",1
"690","Harry Gallatin","1953",1
"691","Harry Gallatin","1954",1
"692","Harry Gallatin","1955",1
"693","Harry Gallatin","1956",1
"694","Harry Gallatin","1957",1
"695","Grant Hill","1995",1
"696","Grant Hill","1996",1
"697","Grant Hill","1997",1
"698","Grant Hill","1998",1
"699","Grant Hill","2000",1
"700","Grant Hill","2001",1
"701","Grant Hill","2005",1
"702","Joe Johnson","2007",1
"703","Joe Johnson","2008",1
"704","Joe Johnson","2009",1
"705","Joe Johnson","2010",1
"706","Joe Johnson","2011",1
"707","Joe Johnson","2012",1
"708","Joe Johnson","2014",1
"709","Jerry Lucas","1964",1
"710","Jerry Lucas","1965",1
"711","Jerry Lucas","1966",1
"712","Jerry Lucas","1967",1
"713","Jerry Lucas","1968",1
"714","Jerry Lucas","1969",1
"715","Jerry Lucas","1971",1
"716","Ed Macauley","1951",1
"717","Ed Macauley","1952",1
"718","Ed Macauley","1953",1
"719","Ed Macauley","1954",1
"720","Ed Macauley","1955",1
"721","Ed Macauley","1956",1
"722","Ed Macauley","1957",1
"723","Slater Martin","1953",1
"724","Slater Martin","1954",1
"725","Slater Martin","1955",1
"726","Slater Martin","1956",1
"727","Slater Martin","1957",1
"728","Slater Martin","1958",1
"729","Slater Martin","1959",1
"730","Tracy McGrady","2001",1
"731","Tracy McGrady","2002",1
"732","Tracy McGrady","2003",1
"733","Tracy McGrady","2004",1
"734","Tracy McGrady","2005",1
"735","Tracy McGrady","2006",1
"736","Tracy McGrady","2007",1
"737","Dick McGuire","1951",1
"738","Dick McGuire","1952",1
"739","Dick McGuire","1954",1
"740","Dick McGuire","1955",1
"741","Dick McGuire","1956",1
"742","Dick McGuire","1958",1
"743","Dick McGuire","1959",1
"744","Kevin McHale","1984",1
"745","Kevin McHale","1986",1
"746","Kevin McHale","1987",1
"747","Kevin McHale","1988",1
"748","Kevin McHale","1989",1
"749","Kevin McHale","1990",1
"750","Kevin McHale","1991",1
"751","Alonzo Mourning","1994",1
"752","Alonzo Mourning","1995",1
"753","Alonzo Mourning","1996",1
"754","Alonzo Mourning","1997",1
"755","Alonzo Mourning","2000",1
"756","Alonzo Mourning","2001",1
"757","Alonzo Mourning","2002",1
"758","Scottie Pippen","1990",1
"759","Scottie Pippen","1992",1
"760","Scottie Pippen","1993",1
"761","Scottie Pippen","1994",1
"762","Scottie Pippen","1995",1
"763","Scottie Pippen","1996",1
"764","Scottie Pippen","1997",1
"765","Willis Reed","1965",1
"766","Willis Reed","1966",1
"767","Willis Reed","1967",1
"768","Willis Reed","1968",1
"769","Willis Reed","1969",1
"770","Willis Reed","1970",1
"771","Willis Reed","1971",1
"772","Jack Sikma","1979",1
"773","Jack Sikma","1980",1
"774","Jack Sikma","1981",1
"775","Jack Sikma","1982",1
"776","Jack Sikma","1983",1
"777","Jack Sikma","1984",1
"778","Jack Sikma","1985",1
"779","Nate Thurmond","1965",1
"780","Nate Thurmond","1966",1
"781","Nate Thurmond","1967",1
"782","Nate Thurmond","1968",1
"783","Nate Thurmond","1970",1
"784","Nate Thurmond","1973",1
"785","Nate Thurmond","1974",1
"786","Chet Walker","1964",1
"787","Chet Walker","1966",1
"788","Chet Walker","1967",1
"789","Chet Walker","1970",1
"790","Chet Walker","1971",1
"791","Chet Walker","1973",1
"792","Chet Walker","1974",1
"793","Jo Jo White","1971",1
"794","Jo Jo White","1972",1
"795","Jo Jo White","1973",1
"796","Jo Jo White","1974",1
"797","Jo Jo White","1975",1
"798","Jo Jo White","1976",1
"799","Jo Jo White","1977",1
"800","James Worthy","1986",1
"801","James Worthy","1987",1
"802","James Worthy","1988",1
"803","James Worthy","1989",1
"804","James Worthy","1990",1
"805","James Worthy","1991",1
"806","James Worthy","1992",1
"807","Nate Archibald","1973",1
"808","Nate Archibald","1975",1
"809","Nate Archibald","1976",1
"810","Nate Archibald","1980",1
"811","Nate Archibald","1981",1
"812","Nate Archibald","1982",1
"813","Larry Costello","1958",1
"814","Larry Costello","1959",1
"815","Larry Costello","1960",1
"816","Larry Costello","1961",1
"817","Larry Costello","1962",1
"818","Larry Costello","1965",1
"819","Stephen Curry","2014",1
"820","Stephen Curry","2015",1
"821","Stephen Curry","2016",1
"822","Stephen Curry","2017",1
"823","Stephen Curry","2018",1
"824","Stephen Curry","2019",1
"825","Adrian Dantley","1980",1
"826","Adrian Dantley","1981",1
"827","Adrian Dantley","1982",1
"828","Adrian Dantley","1984",1
"829","Adrian Dantley","1985",1
"830","Adrian Dantley","1986",1
"831","Walter Davis","1978",1
"832","Walter Davis","1979",1
"833","Walter Davis","1980",1
"834","Walter Davis","1981",1
"835","Walter Davis","1984",1
"836","Walter Davis","1987",1
"837","Joe Dumars","1990",1
"838","Joe Dumars","1991",1
"839","Joe Dumars","1992",1
"840","Joe Dumars","1993",1
"841","Joe Dumars","1995",1
"842","Joe Dumars","1997",1
"843","Pau Gasol","2006",1
"844","Pau Gasol","2009",1
"845","Pau Gasol","2010",1
"846","Pau Gasol","2011",1
"847","Pau Gasol","2015",1
"848","Pau Gasol","2016",1
"849","Paul George","2013",1
"850","Paul George","2014",1
"851","Paul George","2016",1
"852","Paul George","2017",1
"853","Paul George","2018",1
"854","Paul George","2019",1
"855","Artis Gilmore","1978",1
"856","Artis Gilmore","1979",1
"857","Artis Gilmore","1981",1
"858","Artis Gilmore","1982",1
"859","Artis Gilmore","1983",1
"860","Artis Gilmore","1986",1
"861","Blake Griffin","2011",1
"862","Blake Griffin","2012",1
"863","Blake Griffin","2013",1
"864","Blake Griffin","2014",1
"865","Blake Griffin","2015",1
"866","Blake Griffin","2019",1
"867","Richie Guerin","1958",1
"868","Richie Guerin","1959",1
"869","Richie Guerin","1960",1
"870","Richie Guerin","1961",1
"871","Richie Guerin","1962",1
"872","Richie Guerin","1963",1
"873","Tom Heinsohn","1957",1
"874","Tom Heinsohn","1961",1
"875","Tom Heinsohn","1962",1
"876","Tom Heinsohn","1963",1
"877","Tom Heinsohn","1964",1
"878","Tom Heinsohn","1965",1
"879","Bailey Howell","1961",1
"880","Bailey Howell","1962",1
"881","Bailey Howell","1963",1
"882","Bailey Howell","1964",1
"883","Bailey Howell","1966",1
"884","Bailey Howell","1967",1
"885","Lou Hudson","1969",1
"886","Lou Hudson","1970",1
"887","Lou Hudson","1971",1
"888","Lou Hudson","1972",1
"889","Lou Hudson","1973",1
"890","Lou Hudson","1974",1
"891","Kyrie Irving","2013",1
"892","Kyrie Irving","2014",1
"893","Kyrie Irving","2015",1
"894","Kyrie Irving","2017",1
"895","Kyrie Irving","2018",1
"896","Kyrie Irving","2019",1
"897","Neil Johnston","1953",1
"898","Neil Johnston","1954",1
"899","Neil Johnston","1955",1
"900","Neil Johnston","1956",1
"901","Neil Johnston","1957",1
"902","Neil Johnston","1958",1
"903","Shawn Kemp","1993",1
"904","Shawn Kemp","1994",1
"905","Shawn Kemp","1995",1
"906","Shawn Kemp","1996",1
"907","Shawn Kemp","1997",1
"908","Shawn Kemp","1998",1
"909","Kyle Lowry","2015",1
"910","Kyle Lowry","2016",1
"911","Kyle Lowry","2017",1
"912","Kyle Lowry","2018",1
"913","Kyle Lowry","2019",1
"914","Kyle Lowry","2020",1
"915","Vern Mikkelsen","1951",1
"916","Vern Mikkelsen","1952",1
"917","Vern Mikkelsen","1953",1
"918","Vern Mikkelsen","1955",1
"919","Vern Mikkelsen","1956",1
"920","Vern Mikkelsen","1957",1
"921","Jermaine O'Neal","2002",1
"922","Jermaine O'Neal","2003",1
"923","Jermaine O'Neal","2004",1
"924","Jermaine O'Neal","2005",1
"925","Jermaine O'Neal","2006",1
"926","Jermaine O'Neal","2007",1
"927","Tony Parker","2006",1
"928","Tony Parker","2007",1
"929","Tony Parker","2009",1
"930","Tony Parker","2012",1
"931","Tony Parker","2013",1
"932","Tony Parker","2014",1
"933","Mitch Richmond","1993",1
"934","Mitch Richmond","1994",1
"935","Mitch Richmond","1995",1
"936","Mitch Richmond","1996",1
"937","Mitch Richmond","1997",1
"938","Mitch Richmond","1998",1
"939","Amar'e Stoudemire","2005",1
"940","Amar'e Stoudemire","2007",1
"941","Amar'e Stoudemire","2008",1
"942","Amar'e Stoudemire","2009",1
"943","Amar'e Stoudemire","2010",1
"944","Amar'e Stoudemire","2011",1
"945","Jack Twyman","1957",1
"946","Jack Twyman","1958",1
"947","Jack Twyman","1959",1
"948","Jack Twyman","1960",1
"949","Jack Twyman","1962",1
"950","Jack Twyman","1963",1
"951","George Yardley","1955",1
"952","George Yardley","1956",1
"953","George Yardley","1957",1
"954","George Yardley","1958",1
"955","George Yardley","1959",1
"956","George Yardley","1960",1
"957","Chauncey Billups","2006",1
"958","Chauncey Billups","2007",1
"959","Chauncey Billups","2008",1
"960","Chauncey Billups","2009",1
"961","Chauncey Billups","2010",1
"962","Carl Braun","1953",1
"963","Carl Braun","1954",1
"964","Carl Braun","1955",1
"965","Carl Braun","1956",1
"966","Carl Braun","1957",1
"967","Jimmy Butler","2015",1
"968","Jimmy Butler","2016",1
"969","Jimmy Butler","2017",1
"970","Jimmy Butler","2018",1
"971","Jimmy Butler","2020",1
"972","Brad Daugherty","1988",1
"973","Brad Daugherty","1989",1
"974","Brad Daugherty","1991",1
"975","Brad Daugherty","1992",1
"976","Brad Daugherty","1993",1
"977","Wayne Embry","1961",1
"978","Wayne Embry","1962",1
"979","Wayne Embry","1963",1
"980","Wayne Embry","1964",1
"981","Wayne Embry","1965",1
"982","Tom Gola","1960",1
"983","Tom Gola","1961",1
"984","Tom Gola","1962",1
"985","Tom Gola","1963",1
"986","Tom Gola","1964",1
"987","Gail Goodrich","1969",1
"988","Gail Goodrich","1972",1
"989","Gail Goodrich","1973",1
"990","Gail Goodrich","1974",1
"991","Gail Goodrich","1975",1
"992","Cliff Hagan","1958",1
"993","Cliff Hagan","1959",1
"994","Cliff Hagan","1960",1
"995","Cliff Hagan","1961",1
"996","Cliff Hagan","1962",1
"997","Tim Hardaway","1991",1
"998","Tim Hardaway","1992",1
"999","Tim Hardaway","1993",1
"1000","Tim Hardaway","1997",1
"1001","Tim Hardaway","1998",1
"1002","Al Horford","2010",1
"1003","Al Horford","2011",1
"1004","Al Horford","2015",1
"1005","Al Horford","2016",1
"1006","Al Horford","2018",1
"1007","Dennis Johnson","1979",1
"1008","Dennis Johnson","1980",1
"1009","Dennis Johnson","1981",1
"1010","Dennis Johnson","1982",1
"1011","Dennis Johnson","1985",1
"1012","Gus Johnson","1965",1
"1013","Gus Johnson","1968",1
"1014","Gus Johnson","1969",1
"1015","Gus Johnson","1970",1
"1016","Gus Johnson","1971",1
"1017","Marques Johnson","1979",1
"1018","Marques Johnson","1980",1
"1019","Marques Johnson","1981",1
"1020","Marques Johnson","1983",1
"1021","Marques Johnson","1986",1
"1022","Sam Jones","1962",1
"1023","Sam Jones","1964",1
"1024","Sam Jones","1965",1
"1025","Sam Jones","1966",1
"1026","Sam Jones","1968",1
"1027","Rudy LaRusso","1962",1
"1028","Rudy LaRusso","1963",1
"1029","Rudy LaRusso","1966",1
"1030","Rudy LaRusso","1968",1
"1031","Rudy LaRusso","1969",1
"1032","Damian Lillard","2014",1
"1033","Damian Lillard","2015",1
"1034","Damian Lillard","2018",1
"1035","Damian Lillard","2019",1
"1036","Damian Lillard","2020",1
"1037","Kevin Love","2011",1
"1038","Kevin Love","2012",1
"1039","Kevin Love","2014",1
"1040","Kevin Love","2017",1
"1041","Kevin Love","2018",1
"1042","Pete Maravich","1973",1
"1043","Pete Maravich","1974",1
"1044","Pete Maravich","1977",1
"1045","Pete Maravich","1978",1
"1046","Pete Maravich","1979",1
"1047","Bob McAdoo","1974",1
"1048","Bob McAdoo","1975",1
"1049","Bob McAdoo","1976",1
"1050","Bob McAdoo","1977",1
"1051","Bob McAdoo","1978",1
"1052","Reggie Miller","1990",1
"1053","Reggie Miller","1995",1
"1054","Reggie Miller","1996",1
"1055","Reggie Miller","1998",1
"1056","Reggie Miller","2000",1
"1057","Sidney Moncrief","1982",1
"1058","Sidney Moncrief","1983",1
"1059","Sidney Moncrief","1984",1
"1060","Sidney Moncrief","1985",1
"1061","Sidney Moncrief","1986",1
"1062","Chris Mullin","1989",1
"1063","Chris Mullin","1990",1
"1064","Chris Mullin","1991",1
"1065","Chris Mullin","1992",1
"1066","Chris Mullin","1993",1
"1067","Don Ohl","1963",1
"1068","Don Ohl","1964",1
"1069","Don Ohl","1965",1
"1070","Don Ohl","1966",1
"1071","Don Ohl","1967",1
"1072","Andy Phillip","1951",1
"1073","Andy Phillip","1952",1
"1074","Andy Phillip","1953",1
"1075","Andy Phillip","1954",1
"1076","Andy Phillip","1955",1
"1077","Gene Shue","1958",1
"1078","Gene Shue","1959",1
"1079","Gene Shue","1960",1
"1080","Gene Shue","1961",1
"1081","Gene Shue","1962",1
"1082","Klay Thompson","2015",1
"1083","Klay Thompson","2016",1
"1084","Klay Thompson","2017",1
"1085","Klay Thompson","2018",1
"1086","Klay Thompson","2019",1
"1087","Rudy Tomjanovich","1974",1
"1088","Rudy Tomjanovich","1975",1
"1089","Rudy Tomjanovich","1976",1
"1090","Rudy Tomjanovich","1977",1
"1091","Rudy Tomjanovich","1979",1
"1092","Wes Unseld","1969",1
"1093","Wes Unseld","1971",1
"1094","Wes Unseld","1972",1
"1095","Wes Unseld","1973",1
"1096","Wes Unseld","1975",1
"1097","John Wall","2014",1
"1098","John Wall","2015",1
"1099","John Wall","2016",1
"1100","John Wall","2017",1
"1101","John Wall","2018",1
"1102","Bobby Wanzer","1952",1
"1103","Bobby Wanzer","1953",1
"1104","Bobby Wanzer","1954",1
"1105","Bobby Wanzer","1955",1
"1106","Bobby Wanzer","1956",1
"1107","Chris Webber","1997",1
"1108","Chris Webber","2000",1
"1109","Chris Webber","2001",1
"1110","Chris Webber","2002",1
"1111","Chris Webber","2003",1
"1112","Paul Westphal","1977",1
"1113","Paul Westphal","1978",1
"1114","Paul Westphal","1979",1
"1115","Paul Westphal","1980",1
"1116","Paul Westphal","1981",1
"1117","Giannis Antetokounmpo","2017",1
"1118","Giannis Antetokounmpo","2018",1
"1119","Giannis Antetokounmpo","2019",1
"1120","Giannis Antetokounmpo","2020",1
"1121","Vin Baker","1995",1
"1122","Vin Baker","1996",1
"1123","Vin Baker","1997",1
"1124","Vin Baker","1998",1
"1125","Walt Bellamy","1962",1
"1126","Walt Bellamy","1963",1
"1127","Walt Bellamy","1964",1
"1128","Walt Bellamy","1965",1
"1129","Otis Birdsong","1979",1
"1130","Otis Birdsong","1980",1
"1131","Otis Birdsong","1981",1
"1132","Otis Birdsong","1984",1
"1133","Rolando Blackman","1985",1
"1134","Rolando Blackman","1986",1
"1135","Rolando Blackman","1987",1
"1136","Rolando Blackman","1990",1
"1137","Tom Chambers","1987",1
"1138","Tom Chambers","1989",1
"1139","Tom Chambers","1990",1
"1140","Tom Chambers","1991",1
"1141","Maurice Cheeks","1983",1
"1142","Maurice Cheeks","1986",1
"1143","Maurice Cheeks","1987",1
"1144","Maurice Cheeks","1988",1
"1145","Doug Collins","1976",1
"1146","Doug Collins","1977",1
"1147","Doug Collins","1978",1
"1148","Doug Collins","1979",1
"1149","DeMarcus Cousins","2015",1
"1150","DeMarcus Cousins","2016",1
"1151","DeMarcus Cousins","2017",1
"1152","DeMarcus Cousins","2018",1
"1153","Billy Cunningham","1969",1
"1154","Billy Cunningham","1970",1
"1155","Billy Cunningham","1971",1
"1156","Billy Cunningham","1972",1
"1157","Bob Dandridge","1973",1
"1158","Bob Dandridge","1975",1
"1159","Bob Dandridge","1976",1
"1160","Bob Dandridge","1979",1
"1161","Bob Davies","1951",1
"1162","Bob Davies","1952",1
"1163","Bob Davies","1953",1
"1164","Bob Davies","1954",1
"1165","DeMar DeRozan","2014",1
"1166","DeMar DeRozan","2016",1
"1167","DeMar DeRozan","2017",1
"1168","DeMar DeRozan","2018",1
"1169","Dick Garmaker","1957",1
"1170","Dick Garmaker","1958",1
"1171","Dick Garmaker","1959",1
"1172","Dick Garmaker","1960",1
"1173","Johnny Green","1962",1
"1174","Johnny Green","1963",1
"1175","Johnny Green","1965",1
"1176","Johnny Green","1971",1
"1177","Penny Hardaway","1995",1
"1178","Penny Hardaway","1996",1
"1179","Penny Hardaway","1997",1
"1180","Penny Hardaway","1998",1
"1181","Connie Hawkins","1970",1
"1182","Connie Hawkins","1971",1
"1183","Connie Hawkins","1972",1
"1184","Connie Hawkins","1973",1
"1185","Spencer Haywood","1972",1
"1186","Spencer Haywood","1973",1
"1187","Spencer Haywood","1974",1
"1188","Spencer Haywood","1975",1
"1189","Mel Hutchins","1953",1
"1190","Mel Hutchins","1954",1
"1191","Mel Hutchins","1956",1
"1192","Mel Hutchins","1957",1
"1193","Bobby Jones","1977",1
"1194","Bobby Jones","1978",1
"1195","Bobby Jones","1981",1
"1196","Bobby Jones","1982",1
"1197","Bernard King","1982",1
"1198","Bernard King","1984",1
"1199","Bernard King","1985",1
"1200","Bernard King","1991",1
"1201","Bill Laimbeer","1983",1
"1202","Bill Laimbeer","1984",1
"1203","Bill Laimbeer","1985",1
"1204","Bill Laimbeer","1987",1
"1205","Kawhi Leonard","2016",1
"1206","Kawhi Leonard","2017",1
"1207","Kawhi Leonard","2019",1
"1208","Kawhi Leonard","2020",1
"1209","Clyde Lovellette","1956",1
"1210","Clyde Lovellette","1957",1
"1211","Clyde Lovellette","1960",1
"1212","Clyde Lovellette","1961",1
"1213","Maurice Lucas","1977",1
"1214","Maurice Lucas","1978",1
"1215","Maurice Lucas","1979",1
"1216","Maurice Lucas","1983",1
"1217","Shawn Marion","2003",1
"1218","Shawn Marion","2005",1
"1219","Shawn Marion","2006",1
"1220","Shawn Marion","2007",1
"1221","George Mikan","1951",1
"1222","George Mikan","1952",1
"1223","George Mikan","1953",1
"1224","George Mikan","1954",1
"1225","Paul Millsap","2014",1
"1226","Paul Millsap","2015",1
"1227","Paul Millsap","2016",1
"1228","Paul Millsap","2017",1
"1229","Earl Monroe","1969",1
"1230","Earl Monroe","1971",1
"1231","Earl Monroe","1975",1
"1232","Earl Monroe","1977",1
"1233","Willie Naulls","1958",1
"1234","Willie Naulls","1960",1
"1235","Willie Naulls","1961",1
"1236","Willie Naulls","1962",1
"1237","Jim Pollard","1951",1
"1238","Jim Pollard","1952",1
"1239","Jim Pollard","1954",1
"1240","Jim Pollard","1955",1
"1241","Mark Price","1989",1
"1242","Mark Price","1992",1
"1243","Mark Price","1993",1
"1244","Mark Price","1994",1
"1245","Micheal Ray Richardson","1980",1
"1246","Micheal Ray Richardson","1981",1
"1247","Micheal Ray Richardson","1982",1
"1248","Micheal Ray Richardson","1985",1
"1249","Arnie Risen","1952",1
"1250","Arnie Risen","1953",1
"1251","Arnie Risen","1954",1
"1252","Arnie Risen","1955",1
"1253","Alvin Robertson","1986",1
"1254","Alvin Robertson","1987",1
"1255","Alvin Robertson","1988",1
"1256","Alvin Robertson","1991",1
"1257","Guy Rodgers","1963",1
"1258","Guy Rodgers","1964",1
"1259","Guy Rodgers","1966",1
"1260","Guy Rodgers","1967",1
"1261","Rajon Rondo","2010",1
"1262","Rajon Rondo","2011",1
"1263","Rajon Rondo","2012",1
"1264","Rajon Rondo","2013",1
"1265","Ralph Sampson","1984",1
"1266","Ralph Sampson","1985",1
"1267","Ralph Sampson","1986",1
"1268","Ralph Sampson","1987",1
"1269","Latrell Sprewell","1994",1
"1270","Latrell Sprewell","1995",1
"1271","Latrell Sprewell","1997",1
"1272","Latrell Sprewell","2001",1
"1273","David Thompson","1977",1
"1274","David Thompson","1978",1
"1275","David Thompson","1979",1
"1276","David Thompson","1983",1
"1277","Kemba Walker","2017",1
"1278","Kemba Walker","2018",1
"1279","Kemba Walker","2019",1
"1280","Kemba Walker","2020",1
"1281","Ben Wallace","2003",1
"1282","Ben Wallace","2004",1
"1283","Ben Wallace","2005",1
"1284","Ben Wallace","2006",1
"1285","Rasheed Wallace","2000",1
"1286","Rasheed Wallace","2001",1
"1287","Rasheed Wallace","2006",1
"1288","Rasheed Wallace","2008",1
"1289","Sidney Wicks","1972",1
"1290","Sidney Wicks","1973",1
"1291","Sidney Wicks","1974",1
"1292","Sidney Wicks","1975",1
"1293","Mark Aguirre","1984",1
"1294","Mark Aguirre","1987",1
"1295","Mark Aguirre","1988",1
"1296","Gilbert Arenas","2005",1
"1297","Gilbert Arenas","2006",1
"1298","Gilbert Arenas","2007",1
"1299","Bill Bridges","1967",1
"1300","Bill Bridges","1968",1
"1301","Bill Bridges","1970",1
"1302","Phil Chenier","1974",1
"1303","Phil Chenier","1975",1
"1304","Phil Chenier","1977",1
"1305","Terry Dischinger","1963",1
"1306","Terry Dischinger","1964",1
"1307","Terry Dischinger","1965",1
"1308","Joel Embiid","2018",1
"1309","Joel Embiid","2019",1
"1310","Joel Embiid","2020",1
"1311","Steve Francis","2002",1
"1312","Steve Francis","2003",1
"1313","Steve Francis","2004",1
"1314","Marc Gasol","2012",1
"1315","Marc Gasol","2015",1
"1316","Marc Gasol","2017",1
"1317","Draymond Green","2016",1
"1318","Draymond Green","2017",1
"1319","Draymond Green","2018",1
"1320","Richard Hamilton","2006",1
"1321","Richard Hamilton","2007",1
"1322","Richard Hamilton","2008",1
"1323","Kevin Johnson","1990",1
"1324","Kevin Johnson","1991",1
"1325","Kevin Johnson","1994",1
"1326","Eddie Jones","1997",1
"1327","Eddie Jones","1998",1
"1328","Eddie Jones","2000",1
"1329","Bob Kauffman","1971",1
"1330","Bob Kauffman","1972",1
"1331","Bob Kauffman","1973",1
"1332","Johnny Kerr","1956",1
"1333","Johnny Kerr","1959",1
"1334","Johnny Kerr","1963",1
"1335","Bob Love","1971",1
"1336","Bob Love","1972",1
"1337","Bob Love","1973",1
"1338","Dan Majerle","1992",1
"1339","Dan Majerle","1993",1
"1340","Dan Majerle","1995",1
"1341","George McGinnis","1976",1
"1342","George McGinnis","1977",1
"1343","George McGinnis","1979",1
"1344","Jeff Mullins","1969",1
"1345","Jeff Mullins","1970",1
"1346","Jeff Mullins","1971",1
"1347","Larry Nance","1985",1
"1348","Larry Nance","1989",1
"1349","Larry Nance","1993",1
"1350","Glen Rice","1996",1
"1351","Glen Rice","1997",1
"1352","Glen Rice","1998",1
"1353","Derrick Rose","2010",1
"1354","Derrick Rose","2011",1
"1355","Derrick Rose","2012",1
"1356","Dan Roundfield","1980",1
"1357","Dan Roundfield","1981",1
"1358","Dan Roundfield","1982",1
"1359","Brandon Roy","2008",1
"1360","Brandon Roy","2009",1
"1361","Brandon Roy","2010",1
"1362","Detlef Schrempf","1993",1
"1363","Detlef Schrempf","1995",1
"1364","Detlef Schrempf","1997",1
"1365","Charlie Scott","1973",1
"1366","Charlie Scott","1974",1
"1367","Charlie Scott","1975",1
"1368","Paul Seymour","1953",1
"1369","Paul Seymour","1954",1
"1370","Paul Seymour","1955",1
"1371","Peja Stojakovic","2002",1
"1372","Peja Stojakovic","2003",1
"1373","Peja Stojakovic","2004",1
"1374","Maurice Stokes","1956",1
"1375","Maurice Stokes","1957",1
"1376","Maurice Stokes","1958",1
"1377","Dick Van Arsdale","1969",1
"1378","Dick Van Arsdale","1970",1
"1379","Dick Van Arsdale","1971",1
"1380","Tom Van Arsdale","1970",1
"1381","Tom Van Arsdale","1971",1
"1382","Tom Van Arsdale","1972",1
"1383","Norm Van Lier","1974",1
"1384","Norm Van Lier","1976",1
"1385","Norm Van Lier","1977",1
"1386","Antoine Walker","1998",1
"1387","Antoine Walker","2002",1
"1388","Antoine Walker","2003",1
"1389","Jamaal Wilkes","1976",1
"1390","Jamaal Wilkes","1981",1
"1391","Jamaal Wilkes","1983",1
"1392","Buck Williams","1982",1
"1393","Buck Williams","1983",1
"1394","Buck Williams","1986",1
"1395","Deron Williams","2010",1
"1396","Deron Williams","2011",1
"1397","Deron Williams","2012",1
"1398","Leo Barnhorst","1952",1
"1399","Leo Barnhorst","1953",1
"1400","Bradley Beal","2018",1
"1401","Bradley Beal","2019",1
"1402","Zelmo Beaty","1966",1
"1403","Zelmo Beaty","1968",1
"1404","Carlos Boozer","2007",1
"1405","Carlos Boozer","2008",1
"1406","Elton Brand","2002",1
"1407","Elton Brand","2006",1
"1408","Terrell Brandon","1996",1
"1409","Terrell Brandon","1997",1
"1410","Frank Brian","1951",1
"1411","Frank Brian","1952",1
"1412","Caron Butler","2007",1
"1413","Caron Butler","2008",1
"1414","Joe Caldwell","1969",1
"1415","Joe Caldwell","1970",1
"1416","Archie Clark","1968",1
"1417","Archie Clark","1972",1
"1418","Terry Cummings","1985",1
"1419","Terry Cummings","1989",1
"1420","Baron Davis","2002",1
"1421","Baron Davis","2004",1
"1422","Luol Deng","2012",1
"1423","Luol Deng","2013",1
"1424","John Drew","1976",1
"1425","John Drew","1980",1
"1426","Andre Drummond","2016",1
"1427","Andre Drummond","2018",1
"1428","Kevin Duckworth","1989",1
"1429","Kevin Duckworth","1991",1
"1430","Walter Dukes","1960",1
"1431","Walter Dukes","1961",1
"1432","Dwight Eddleman","1951",1
"1433","Dwight Eddleman","1952",1
"1434","Sean Elliott","1993",1
"1435","Sean Elliott","1996",1
"1436","Michael Finley","2000",1
"1437","Michael Finley","2001",1
"1438","Joe Fulks","1951",1
"1439","Joe Fulks","1952",1
"1440","Jack George","1956",1
"1441","Jack George","1957",1
"1442","Manu Ginóbili","2005",1
"1443","Manu Ginóbili","2011",1
"1444","Roy Hibbert","2012",1
"1445","Roy Hibbert","2014",1
"1446","Allan Houston","2000",1
"1447","Allan Houston","2001",1
"1448","Rod Hundley","1960",1
"1449","Rod Hundley","1961",1
"1450","Žydrunas Ilgauskas","2003",1
"1451","Žydrunas Ilgauskas","2005",1
"1452","Antawn Jamison","2005",1
"1453","Antawn Jamison","2008",1
"1454","Eddie Johnson","1980",1
"1455","Eddie Johnson","1981",1
"1456","John Johnson","1971",1
"1457","John Johnson","1972",1
"1458","Larry Johnson","1993",1
"1459","Larry Johnson","1995",1
"1460","Nikola Jokic","2019",1
"1461","Nikola Jokic","2020",1
"1462","Larry Kenon","1978",1
"1463","Larry Kenon","1979",1
"1464","Don Kojis","1968",1
"1465","Don Kojis","1969",1
"1466","David Lee","2010",1
"1467","David Lee","2013",1
"1468","Fat Lever","1988",1
"1469","Fat Lever","1990",1
"1470","Rashard Lewis","2005",1
"1471","Rashard Lewis","2009",1
"1472","Jeff Malone","1986",1
"1473","Jeff Malone","1987",1
"1474","Danny Manning","1993",1
"1475","Danny Manning","1994",1
"1476","Stephon Marbury","2001",1
"1477","Stephon Marbury","2003",1
"1478","Jack Marin","1972",1
"1479","Jack Marin","1973",1
"1480","Khris Middleton","2019",1
"1481","Khris Middleton","2020",1
"1482","Brad Miller","2003",1
"1483","Brad Miller","2004",1
"1484","Norm Nixon","1982",1
"1485","Norm Nixon","1985",1
"1486","Joakim Noah","2013",1
"1487","Joakim Noah","2014",1
"1488","Victor Oladipo","2018",1
"1489","Victor Oladipo","2019",1
"1490","Jim Paxson","1983",1
"1491","Jim Paxson","1984",1
"1492","Geoff Petrie","1971",1
"1493","Geoff Petrie","1974",1
"1494","Terry Porter","1991",1
"1495","Terry Porter","1993",1
"1496","Zach Randolph","2010",1
"1497","Zach Randolph","2013",1
"1498","Glenn Robinson","2000",1
"1499","Glenn Robinson","2001",1
"1500","Truck Robinson","1978",1
"1501","Truck Robinson","1981",1
"1502","Red Rocha","1951",1
"1503","Red Rocha","1952",1
"1504","Dennis Rodman","1990",1
"1505","Dennis Rodman","1992",1
"1506","Jeff Ruland","1984",1
"1507","Jeff Ruland","1985",1
"1508","Fred Scolari","1952",1
"1509","Fred Scolari","1953",1
"1510","Ken Sears","1958",1
"1511","Ken Sears","1959",1
"1512","Frank Selvy","1955",1
"1513","Frank Selvy","1962",1
"1514","Paul Silas","1972",1
"1515","Paul Silas","1975",1
"1516","Ben Simmons","2019",1
"1517","Ben Simmons","2020",1
"1518","Jerry Sloan","1967",1
"1519","Jerry Sloan","1969",1
"1520","Phil Smith","1976",1
"1521","Phil Smith","1977",1
"1522","Randy Smith","1976",1
"1523","Randy Smith","1978",1
"1524","Jerry Stackhouse","2000",1
"1525","Jerry Stackhouse","2001",1
"1526","Reggie Theus","1981",1
"1527","Reggie Theus","1983",1
"1528","Isaiah Thomas","2016",1
"1529","Isaiah Thomas","2017",1
"1530","Andrew Toney","1983",1
"1531","Andrew Toney","1984",1
"1532","Karl-Anthony Towns","2018",1
"1533","Karl-Anthony Towns","2019",1
"1534","Kelly Tripucka","1982",1
"1535","Kelly Tripucka","1984",1
"1536","Kiki Vandeweghe","1983",1
"1537","Kiki Vandeweghe","1984",1
"1538","Jimmy Walker","1970",1
"1539","Jimmy Walker","1972",1
"1540","Bill Walton","1977",1
"1541","Bill Walton","1978",1
"1542","Scott Wedman","1976",1
"1543","Scott Wedman","1980",1
"1544","David West","2008",1
"1545","David West","2009",1
"1546","Gus Williams","1982",1
"1547","Gus Williams","1983",1
"1548","Brian Winters","1976",1
"1549","Brian Winters","1978",1
"1550","Shareef Abdur-Rahim","2002",1
"1551","Alvan Adams","1976",1
"1552","Michael Adams","1992",1
"1553","Bam Adebayo","2020",1
"1554","Danny Ainge","1988",1
"1555","Kenny Anderson","1994",1
"1556","B. J. Armstrong","1994",1
"1557","Don Barksdale","1953",1
"1558","Dick Barnett","1968",1
"1559","Dana Barros","1995",1
"1560","Butch Beard","1972",1
"1561","Ralph Beard","1951",1
"1562","Mookie Blaylock","1994",1
"1563","John Block","1973",1
"1564","Devin Booker","2020",1
"1565","Bob Boozer","1968",1
"1566","Vince Boryla","1951",1
"1567","Bill Bradley","1973",1
"1568","Fred Brown","1976",1
"1569","Don Buse","1977",1
"1570","Andrew Bynum","2012",1
"1571","Austin Carr","1974",1
"1572","Joe Barry Carroll","1987",1
"1573","Bill Cartwright","1980",1
"1574","Sam Cassell","2004",1
"1575","Cedric Ceballos","1995",1
"1576","Tyson Chandler","2013",1
"1577","Len Chappell","1964",1
"1578","Nathaniel Clifton","1957",1
"1579","Derrick Coleman","1994",1
"1580","Jack Coleman","1955",1
"1581","Antonio Davis","2001",1
"1582","Dale Davis","2000",1
"1583","Vlade Divac","2001",1
"1584","James Donaldson","1988",1
"1585","Luka Doncic","2020",1
"1586","Goran Dragic","2018",1
"1587","Mark Eaton","1989",1
"1588","Dale Ellis","1989",1
"1589","Ray Felix","1954",1
"1590","Sleepy Floyd","1987",1
"1591","World B. Free","1980",1
"1592","Billy Gabor","1953",1
"1593","Chris Gatling","1997",1
"1594","Rudy Gobert","2020",1
"1595","Danny Granger","2009",1
"1596","Horace Grant","1994",1
"1597","A. C. Green","1990",1
"1598","Rickey Green","1984",1
"1599","Alex Groza","1951",1
"1600","Tom Gugliotta","1997",1
"1601","Devin Harris","2009",1
"1602","Bob Harrison","1956",1
"1603","Hersey Hawkins","1991",1
"1604","Gordon Hayward","2017",1
"1605","Walt Hazzard","1968",1
"1606","Tyrone Hill","1995",1
"1607","Jrue Holiday","2013",1
"1608","Lionel Hollins","1978",1
"1609","Jeff Hornacek","1992",1
"1610","Josh Howard","2007",1
"1611","Juwan Howard","1996",1
"1612","Andre Iguodala","2012",1
"1613","Darrall Imhoff","1967",1
"1614","Brandon Ingram","2020",1
"1615","Dan Issel","1977",1
"1616","Lucious Jackson","1965",1
"1617","Mark Jackson","1989",1
"1618","Steve Johnson","1988",1
"1619","DeAndre Jordan","2017",1
"1620","Chris Kaman","2010",1
"1621","Jim King","1968",1
"1622","Andrei Kirilenko","2004",1
"1623","Billy Knight","1977",1
"1624","Kyle Korver","2015",1
"1625","Sam Lacey","1975",1
"1626","Christian Laettner","1997",1
"1627","Clyde Lee","1968",1
"1628","Reggie Lewis","1992",1
"1629","Brook Lopez","2013",1
"1630","Jamaal Magloire","2004",1
"1631","Kenyon Martin","2004",1
"1632","Jamal Mashburn","2003",1
"1633","Anthony Mason","2001",1
"1634","Xavier McDaniel","1988",1
"1635","Antonio McDyess","2001",1
"1636","Jon McGlocklin","1969",1
"1637","Tom Meschery","1963",1
"1638","Eddie Miles","1966",1
"1639","Donovan Mitchell","2020",1
"1640","Mike Mitchell","1981",1
"1641","Steve Mix","1975",1
"1642","Jack Molinas","1954",1
"1643","Calvin Murphy","1979",1
"1644","Calvin Natt","1985",1
"1645","Jameer Nelson","2009",1
"1646","Chuck Noble","1960",1
"1647","Charles Oakley","1994",1
"1648","Mehmet Okur","2007",1
"1649","Ricky Pierce","1991",1
"1650","Kristaps Porzingis","2018",1
"1651","Jim Price","1975",1
"1652","Theo Ratliff","2001",1
"1653","Michael Redd","2004",1
"1654","Richie Regan","1957",1
"1655","Doc Rivers","1988",1
"1656","Clifford Robinson","1994",1
"1657","Flynn Robinson","1970",1
"1658","Curtis Rowe","1976",1
"1659","Bob Rule","1970",1
"1660","Campy Russell","1979",1
"1661","Cazzie Russell","1972",1
"1662","D'Angelo Russell","2019",1
"1663","Domantas Sabonis","2020",1
"1664","Woody Sauldsberry","1959",1
"1665","Fred Schaus","1951",1
"1666","Lee Shaffer","1963",1
"1667","Lonnie Shelton","1982",1
"1668","Pascal Siakam","2020",1
"1669","Adrian Smith","1966",1
"1670","Steve Smith","1998",1
"1671","Rik Smits","1998",1
"1672","John Starks","1994",1
"1673","Don Sunderlage","1954",1
"1674","Wally Szczerbiak","2002",1
"1675","Jayson Tatum","2020",1
"1676","Jeff Teague","2015",1
"1677","Otis Thorpe","1992",1
"1678","Nick Van Exel","1998",1
"1679","Nikola Vucevic","2019",1
"1680","Gerald Wallace","2010",1
"1681","Paul Walther","1952",1
"1682","Kermit Washington","1980",1
"1683","Jayson Williams","1998",1
"1684","Mo Williams","2009",1
"1685","Kevin Willis","1992",1
"1686","Metta World Peace","2004",1
"1687","Trae Young","2020",1
"1688","Max Zaslofsky","1952",1
