"","Player","Pos","Age","Tm","G","GS","MP","FG","FGA","FG%","3P","3PA","3P%","2P","2PA","2P%","FT","FTA","FT%","ORB","DRB","TRB","AST","STL","BLK","TOV","PF","PTS","ORtg","DRtg","Yr"
"1","Alaa Abdelnaby","PF","26","TOT","54","0","506","12.1","23.8","0.511","0","0.2","0","12.1","23.5","0.515","2.1","3.6","0.571","3.8","7.9","11.7","1.3","1.5","1.2","4.6","10.7","26.3","94","105",1995
"2","Mahmoud Abdul-Rauf","PG","25","DEN","73","43","2082","11.9","25.3","0.47","2.1","5.4","0.386","9.8","19.9","0.492","3.5","3.9","0.885","0.8","2.6","3.5","6.6","1.9","0.2","3","3.2","29.4","112","112",1995
"3","Michael Adams","PG","32","CHH","29","0","443","8","17.6","0.453","3.4","9.6","0.358","4.5","8","0.567","3","3.6","0.833","0.7","2.7","3.4","11.3","2.7","0.1","3.1","4.9","22.3","119","107",1995
"4","Rafael Addison","SF","30","DET","79","16","1776","8.1","17","0.476","0.7","2.4","0.289","7.4","14.6","0.507","2.1","2.9","0.747","1.9","5.1","7","3.2","1.5","0.7","2.2","6.8","19","105","114",1995
"5","Danny Ainge","SG","35","PHO","74","1","1374","7.1","15.4","0.46","2.8","7.8","0.364","4.2","7.6","0.558","3.8","4.7","0.808","0.9","3.1","4","7.6","1.7","0.3","2.9","5.6","20.8","119","113",1995
"6","Victor Alexander","C","25","GSW","50","29","1237","9.1","17.7","0.515","0.2","1","0.24","8.9","16.7","0.531","1.4","2.4","0.6","3.4","8.1","11.5","2.4","1.1","1.1","3","5.7","19.9","102","111",1995
"7","Derrick Alston","C","22","PHI","64","1","1032","6.1","13.2","0.465","0","0.2","0","6.1","13","0.472","3","6.1","0.492","5","6.2","11.2","1.7","2","1.8","2.7","5.5","15.3","99","109",1995
"8","Greg Anderson","PF","30","ATL","51","0","622","4.9","8.9","0.548","0","0","0","4.9","8.9","0.548","2.9","6.1","0.479","5.3","10.8","16.1","1.5","2","2.7","2.7","8.8","12.7","105","100",1995
"9","Kenny Anderson","PG","24","NJN","72","70","2689","8","19.9","0.399","1.9","5.7","0.33","6.1","14.3","0.426","6.7","8","0.841","1.4","3.4","4.8","13.2","2","0.3","4.4","3.6","24.5","112","111",1995
"10","Nick Anderson","SG","27","ORL","76","76","2588","8.6","18","0.476","3.5","8.4","0.415","5.1","9.6","0.528","2.8","4","0.704","1.7","4.9","6.5","6.1","2.4","0.4","2.7","2.4","23.4","119","108",1995
"11","Willie Anderson","SG","28","SAS","38","11","556","6.9","14.8","0.469","0.3","1.7","0.158","6.7","13","0.51","2.7","3.7","0.732","1.4","3.7","5","4.7","2.4","0.9","3.5","6.5","16.9","99","106",1995
"12","Greg Anthony","PG","27","NYK","61","2","943","7.1","16.4","0.437","3.1","8.7","0.361","4","7.7","0.522","3.4","4.2","0.789","0.4","3.2","3.6","8.9","2.8","0.4","3.2","5.5","20.8","113","104",1995
"13","B.J. Armstrong","PG","27","CHI","82","82","2577","8.5","18.1","0.468","2.2","5.1","0.427","6.3","13","0.484","4.2","4.7","0.884","0.5","3.3","3.8","4.9","1.7","0.2","2.1","3.2","23.3","119","108",1995
"14","Darrell Armstrong","PG","26","ORL","3","0","8","18.9","50.5","0.375","12.6","37.9","0.333","6.3","12.6","0.5","12.6","12.6","1","6.3","0","6.3","18.9","6.3","0","6.3","18.9","63.1","127","103",1995
"15","Vincent Askew","SG","28","SEA","71","1","1721","7.2","14.7","0.492","0.9","2.7","0.33","6.3","12","0.529","5.1","7","0.739","1.9","3.4","5.3","5.1","1.4","0.4","2.5","5.6","20.5","118","111",1995
"16","Keith Askins","SF","27","MIA","50","5","854","4.9","12.5","0.391","1.3","4.7","0.269","3.6","7.8","0.465","2.8","3.4","0.807","5.2","6.8","12","2.4","2.1","1","1.5","6.6","13.9","114","108",1995
"17","Stacey Augmon","SG","26","ATL","76","76","2362","9","19.8","0.453","0.2","0.6","0.269","8.8","19.2","0.459","5.7","7.8","0.728","3.6","4.8","8.3","4.5","2.3","1.1","3.4","3.7","23.8","106","106",1995
"18","Anthony Avent","PF","25","ORL","71","3","1066","5","11.6","0.43","0","0","0","5","11.6","0.43","2.3","3.6","0.64","4.6","9.3","13.9","1.9","1.3","2.4","2.5","8","12.2","100","105",1995
"19","Vin Baker","PF","23","MIL","82","82","3361","9.2","18.9","0.483","0.1","0.4","0.292","9","18.6","0.487","3.9","6.7","0.593","4.5","8.6","13","4.6","1.3","1.8","3.4","4.3","22.4","106","109",1995
"20","Charles Barkley*","PF","31","PHO","68","66","2382","11.6","24","0.486","1.6","4.6","0.338","10.1","19.4","0.521","8","10.6","0.748","4.3","11.6","15.9","5.8","2.3","0.9","3.2","4.2","32.8","119","105",1995
"21","Dana Barros","PG","27","PHI","82","82","3318","9.1","18.5","0.49","3.1","6.8","0.464","5.9","11.8","0.505","5.5","6.1","0.899","0.4","3.9","4.4","9.8","2.4","0.1","3.8","2.5","26.8","124","111",1995
"22","Jon Barry","SG","25","MIL","52","0","602","4.9","11.5","0.425","1.4","4.1","0.333","3.5","7.4","0.477","5.2","6.9","0.763","1.3","2.9","4.2","7.3","2.6","0.3","3.5","4.6","16.4","111","112",1995
"23","John Battle","SG","32","CLE","28","0","280","8.7","23","0.377","2.2","6.3","0.355","6.5","16.8","0.386","3.8","5.3","0.731","0.6","1.6","2.2","7.5","1.6","0.2","3.4","5.7","23.4","98","109",1995
"24","Sergei Bazarevich","PG","29","ATL","10","0","74","7.9","15.9","0.5","0.7","4.3","0.167","7.2","11.6","0.625","5.1","6.5","0.778","0.7","4.3","5.1","10.1","0.7","0.7","5.1","7.2","21.7","109","109",1995
"25","Benoit Benjamin","C","30","NJN","61","57","1598","8.8","17.3","0.51","0","0","0","8.8","17.3","0.51","4.3","5.7","0.76","3.1","11.3","14.3","1.2","0.7","2.1","4.1","4.9","22","100","106",1995
"26","Elmer Bennett","PG","24","CLE","4","0","18","18.9","34.6","0.545","0","6.3","0","18.9","28.3","0.667","9.4","12.6","0.75","0","3.1","3.1","9.4","12.6","0","9.4","9.4","47.2","102","85",1995
"27","Tony Bennett","PG","25","CHH","3","0","46","6.9","14.9","0.462","2.3","10.3","0.222","4.6","4.6","1","0","0","0","0","2.3","2.3","4.6","0","0","3.4","6.9","16","94","114",1995
"28","David Benoit","SF","26","UTA","71","67","1841","8","16.5","0.486","1.1","3.2","0.33","7","13.3","0.523","3.7","4.4","0.841","2.7","7.7","10.4","1.6","1.3","1.3","2.1","5.2","20.8","112","106",1995
"29","James Blackwell","PG","26","TOT","13","0","80","5.1","8.4","0.615","0","0","0","5.1","8.4","0.615","1.3","1.9","0.667","1.3","5.8","7.1","7.1","2.6","0","3.2","5.1","11.6","112","109",1995
"30","Mookie Blaylock","PG","27","ATL","80","80","3069","8.9","20.9","0.425","3.5","9.7","0.359","5.4","11.2","0.482","2.7","3.7","0.729","2","4.8","6.8","10.7","3.5","0.5","4.2","2.9","23.9","110","104",1995
"31","Corie Blount","PF","26","CHI","68","9","889","5.9","12.3","0.476","0","0.1","0","5.9","12.2","0.481","2.2","3.9","0.567","6.3","7.8","14.1","3.5","1.5","1.9","3.5","8.6","14","103","103",1995
"32","Muggsy Bogues","PG","30","CHH","78","78","2629","7","14.6","0.477","0.1","0.6","0.2","6.8","14","0.489","3.2","3.6","0.889","1","4.1","5.1","13.5","2.1","0","2.6","3","17.3","119","108",1995
"33","Manute Bol","C","32","GSW","5","2","81","3.6","6.1","0.6","1.8","3","0.6","1.8","3","0.6","0","0","0","0.6","6.7","7.3","0","0","5.4","0.6","6.1","9.1","134","111",1995
"34","Walter Bond","SG","25","TOT","23","0","290","7","15","0.464","2.7","7.3","0.366","4.3","7.7","0.558","2.5","3.6","0.7","1.4","4.3","5.7","4.3","1.1","0.7","3","8.4","19.1","107","110",1995
"35","Anthony Bonner","PF","26","NYK","58","23","1126","4.1","9","0.456","0","0.2","0.2","4.1","8.8","0.463","2.1","3.1","0.657","5.3","7","12.3","3.7","2.2","1.1","3.7","7.4","10.3","98","102",1995
"36","Anthony Bowie","SG","31","ORL","77","4","1261","7.1","14.8","0.48","0.5","1.6","0.3","6.6","13.2","0.502","2.4","2.9","0.836","2.2","3.4","5.6","6.4","1.9","0.8","3.4","5.5","17.1","107","110",1995
"37","Sam Bowie","C","33","LAL","67","10","1225","4.9","11","0.442","0.1","0.5","0.182","4.8","10.5","0.453","2.8","3.7","0.764","3","8.9","11.9","4.9","0.9","3.3","3.7","7.5","12.6","97","107",1995
"38","Shawn Bradley","C","22","PHI","82","59","2365","7","15.5","0.455","0","0.1","0","7","15.4","0.457","3.3","5.2","0.638","5.4","9.3","14.7","1.2","1.2","6.1","3.2","7.5","17.3","99","104",1995
"39","Terrell Brandon","PG","24","CLE","67","41","1961","9.8","22","0.448","1.4","3.5","0.397","8.5","18.5","0.457","4.6","5.4","0.855","1","4.4","5.4","10.5","3.1","0.4","4.2","3.4","25.7","108","104",1995
"40","Tim Breaux","SF","24","HOU","42","2","340","6.7","18.1","0.372","0.9","3.7","0.24","5.8","14.4","0.406","4.8","7.3","0.653","2.4","2.7","5.1","2.2","1.6","0.6","2.4","3.7","19.2","94","112",1995
"41","Scott Brooks","PG","29","TOT","59","0","808","7.9","17.3","0.458","1.6","4.3","0.362","6.3","12.9","0.49","4","5","0.81","0.9","3.3","4.1","7.3","2.1","0.3","3","3.5","21.4","115","111",1995
"42","Chucky Brown","SF","26","HOU","41","14","814","6.6","10.9","0.603","0.1","0.2","0.333","6.5","10.7","0.608","2.4","3.9","0.613","4","7.8","11.8","1.9","0.7","0.9","1.8","6.6","15.6","121","109",1995
"43","Dee Brown","SG","26","BOS","79","69","2792","8","17.9","0.447","2.3","6","0.385","5.7","11.9","0.478","4.3","5.1","0.852","1.2","3.4","4.6","5.5","2","0.9","2.7","3.3","22.6","116","112",1995
"44","Mike Brown","C","31","MIN","27","0","213","2.5","9.9","0.25","0","0.2","0","2.5","9.6","0.256","3.7","6.7","0.556","2.2","8.9","11.1","2.5","1.7","0","3.9","8.6","8.6","68","110",1995
"45","P.J. Brown","C","25","NJN","80","63","2466","5.4","12","0.446","0.1","0.5","0.167","5.3","11.5","0.458","2.9","4.4","0.671","3.8","6.5","10.3","2.8","1.5","2.8","1.7","5.5","13.7","108","107",1995
"46","Randy Brown","PG","26","SAC","67","2","1086","5.9","13.7","0.432","0.7","2.2","0.298","5.3","11.5","0.458","2.6","3.9","0.671","1.1","4","5.2","6.4","4.7","0.9","3.7","7.3","15.2","97","102",1995
"47","Mark Bryant","PF","29","POR","49","0","658","7.9","14.9","0.526","0.1","0.2","0.5","7.8","14.8","0.526","3.2","4.9","0.651","4.3","8.2","12.5","2.2","1.5","1.2","3","8.5","19","109","105",1995
"48","Jud Buechler","SF","26","CHI","57","0","605","7.8","15.8","0.492","1.3","4.1","0.313","6.5","11.6","0.556","1.9","3.4","0.564","3.1","5.3","8.4","4.3","2.1","1","2.6","5.5","18.7","110","105",1995
"49","Scott Burrell","SF","24","CHH","65","62","2014","7.2","15.5","0.467","2.5","6.1","0.409","4.7","9.4","0.506","2.6","3.8","0.694","2.5","7.1","9.6","4.2","2","1","2.2","4.9","19.6","113","105",1995
"50","Willie Burton","SF","26","PHI","53","31","1564","8.2","20.4","0.401","3.6","9.3","0.385","4.6","11.2","0.414","7.4","9","0.824","1.7","3.9","5.5","3.2","1.1","0.6","4.1","5.6","27.4","109","113",1995
"51","Mitchell Butler","SG","24","WSB","76","5","1554","7","16.6","0.421","1.5","4.6","0.326","5.5","12","0.458","4","6","0.665","1.4","4.2","5.6","3","2","0.3","3.5","5.1","19.5","97","112",1995
"52","Michael Cage","C","33","CLE","82","21","2040","4.9","9.4","0.521","0","0.1","0","4.9","9.4","0.524","1.5","2.4","0.602","5.6","10","15.6","1.6","1.7","1.9","1.6","4.1","11.3","115","102",1995
"53","Adrian Caldwell","PF","28","HOU","7","0","30","1.7","6.8","0.25","0","0","0","1.7","6.8","0.25","5.1","10.2","0.5","1.7","15.3","17","0","1.7","0","1.7","10.2","8.5","79","102",1995
"54","Elden Campbell","PF","26","LAL","73","59","2076","8.7","19.1","0.459","0","0","0","8.7","19","0.459","4.7","7","0.666","4.1","6.7","10.8","2.2","1.7","3.2","2.4","6","22.2","105","108",1995
"55","Tony Campbell","SF","32","CLE","78","0","1128","8.1","19.7","0.411","0.8","2.1","0.357","7.3","17.6","0.417","6.6","8","0.83","3","4.7","7.7","3.5","1.6","0.4","3.3","6.1","23.5","105","107",1995
"56","Antoine Carr","C","33","UTA","78","4","1677","9","16.9","0.531","0","0.1","0.25","8.9","16.7","0.533","5.1","6.2","0.821","2.5","5.7","8.2","2.1","0.7","2.1","2.7","7.8","23.1","113","108",1995
"57","Bill Cartwright","C","37","SEA","29","19","430","3.2","8.1","0.391","0","0","0","3.2","8.1","0.391","1.8","2.8","0.625","2.9","7.2","10.2","1.2","0.7","0.4","2.1","8.2","8.1","91","109",1995
"58","Sam Cassell","PG","25","HOU","82","1","1882","6.9","16.1","0.427","1.7","5.2","0.33","5.1","10.9","0.473","5.8","6.9","0.843","1","4.7","5.7","11","2.5","0.4","4.5","5.7","21.2","111","108",1995
"59","Duane Causwell","C","26","SAC","58","24","820","4.8","9.3","0.517","0","0.1","0","4.8","9.3","0.521","3.6","6.2","0.582","3.6","7.4","11","1","0.9","5.1","2.1","9.3","13.2","108","104",1995
"60","Cedric Ceballos","SF","25","LAL","58","54","2029","12.4","24.3","0.509","1.4","3.6","0.397","10.9","20.7","0.528","5.2","7.3","0.716","4.2","7.3","11.5","2.6","1.5","0.5","3.6","3.3","31.3","111","110",1995
"61","Tom Chambers","PF","35","UTA","81","4","1240","8.1","17.8","0.457","0.2","1","0.167","8","16.8","0.474","4.6","5.6","0.807","2.8","6.1","8.9","3.1","1","1.3","2.2","7.2","21","108","108",1995
"62","Rex Chapman","SG","27","WSB","45","29","1468","8.8","22.1","0.397","3","9.5","0.314","5.8","12.6","0.46","4.7","5.5","0.862","0.8","3.1","3.9","4.4","2.3","0.5","2.1","2.9","25.3","109","113",1995
"63","Calbert Cheaney","SG","23","WSB","78","71","2651","9.8","21.6","0.453","1.8","5.4","0.339","8","16.2","0.492","3.3","4.1","0.812","2","4.1","6.1","3.4","1.5","0.4","2.9","4.1","24.8","106","113",1995
"64","Pete Chilcutt","PF","26","HOU","68","17","1347","5.5","12.4","0.445","1.3","3.3","0.407","4.2","9.2","0.459","1.2","1.6","0.738","4","8","12","2.5","0.9","1.6","2.3","4.4","13.5","105","108",1995
"65","Chris Childs","PG","27","NJN","53","11","1021","5.4","14.2","0.38","2.1","6.4","0.328","3.3","7.8","0.422","2.8","3.7","0.753","0.7","2.8","3.5","11.2","2.1","0.2","3.9","5.9","15.7","104","111",1995
"66","Doug Christie","SG","24","NYK","12","0","79","3.3","14.7","0.227","0.7","4.7","0.143","2.7","10","0.267","2.7","3.3","0.8","2","6.7","8.7","5.3","1.3","0.7","8.7","12","10","57","104",1995
"67","Derrick Coleman","PF","27","NJN","56","54","2103","9.2","21.6","0.424","0.7","3","0.233","8.5","18.7","0.454","9.3","12.1","0.767","4.1","10.5","14.6","4.6","0.9","2.3","4.3","4","28.3","107","106",1995
"68","Bimbo Coles","PG","26","MIA","68","65","2207","6.1","14.2","0.43","0.4","1.8","0.211","5.7","12.4","0.461","3.3","4.1","0.81","1.1","3.4","4.5","9.7","2.3","0.3","3.7","4.3","15.9","105","111",1995
"69","Steve Colter","PG","32","CLE","57","7","752","5","12.7","0.396","0.6","2.6","0.229","4.4","10.1","0.44","4.1","5.3","0.761","1","3.5","4.4","7.6","2.3","0.5","2.7","4","14.8","105","106",1995
"70","Marty Conlon","C","27","MIL","82","3","2064","8.6","16.2","0.532","0.2","0.7","0.276","8.4","15.5","0.544","3","4.9","0.613","4","6.7","10.7","2.8","1.1","0.5","3.1","5.5","20.4","108","112",1995
"71","Lester Conner","SG","35","LAL","2","0","5","0","0","0","0","0","0","0","0","0","20.2","20.2","1","0","0","0","0","10.1","0","0","30.3","20.2","250","96",1995
"72","Tyrone Corbin","SF","32","ATL","81","4","1389","7.9","17.8","0.442","0.5","2.2","0.25","7.3","15.7","0.468","3","4.4","0.684","3.8","6.3","10.1","2.6","2.1","0.6","2.8","6.2","19.3","101","105",1995
"73","John Crotty","PG","25","UTA","80","0","1019","4.7","11.7","0.403","0.6","1.8","0.306","4.2","9.9","0.421","5","6.2","0.81","1.4","3.6","4.9","10.4","2","0.3","3.6","5.3","15","109","108",1995
"74","Corey Crowder","SF","25","SAS","7","0","29","3.5","17.5","0.2","0","7","0","3.5","10.5","0.333","3.5","10.5","0.333","1.7","3.5","5.2","1.7","1.7","0","3.5","1.7","10.5","54","109",1995
"75","Terry Cummings","PF","33","SAS","76","20","1273","8.9","18.5","0.483","0","0","0","8.9","18.5","0.483","2.9","4.9","0.585","5.5","9.6","15.1","2.4","1.4","0.8","3.8","7.5","20.7","100","104",1995
"76","Bill Curley","PF","22","DET","53","1","595","5","11.6","0.433","0","0","0","5","11.6","0.433","2.3","3.1","0.75","4.7","6.1","10.7","2.2","1.8","1.8","2.2","11.1","12.4","103","112",1995
"77","Dell Curry","SG","30","CHH","69","0","1718","10.5","23.8","0.441","4.7","11.1","0.427","5.8","12.8","0.453","2.9","3.4","0.856","1.3","3.9","5.1","3.5","1.7","0.6","3","4.4","28.7","106","108",1995
"78","Lloyd Daniels","SG","27","TOT","30","14","604","6.7","17.5","0.383","2.2","8.4","0.26","4.5","9.1","0.495","1.8","2.3","0.815","2.4","2.9","5.3","3.4","1.8","0.8","2.6","4","17.4","98","112",1995
"79","Yinka Dare","C","22","NJN","1","0","3","0","17.3","0","0","0","0","0","17.3","0","0","0","0","0","17.3","17.3","0","0","0","17.3","34.7","0","0","103",1995
"80","Antonio Davis","PF","26","IND","44","1","1030","5.6","12.7","0.445","0","0","0","5.6","12.7","0.445","6.1","9","0.672","5.4","9.1","14.5","1.3","1","1.5","3.3","6.9","17.3","105","105",1995
"81","Dale Davis","PF","25","IND","74","70","2346","7.4","13.1","0.563","0","0","0","7.4","13.1","0.563","3.1","5.9","0.533","5.9","9.9","15.8","1.3","1.6","2.6","2.8","5","17.9","111","102",1995
"82","Hubert Davis","SG","24","NYK","82","4","1697","9.2","19.1","0.48","4.1","8.9","0.455","5.1","10.2","0.502","3","3.7","0.808","0.9","2.5","3.4","4.7","1.1","0.3","2.7","4.5","25.4","116","109",1995
"83","Terry Davis","PF","27","DAL","46","2","580","4.3","9.9","0.434","0","0.2","0","4.3","9.7","0.441","3.7","5.8","0.636","5.5","8.1","13.6","0.9","0.5","0.3","2.6","6.6","12.2","102","112",1995
"84","Johnny Dawkins","PG","31","DET","50","9","1170","5.5","11.9","0.463","1.1","3.2","0.342","4.4","8.7","0.508","2.2","2.4","0.909","1.2","3.7","5","9","2.3","0","3.8","3.3","14.3","107","115",1995
"85","Tony Dawson","SF","27","BOS","2","0","13","11.8","31.4","0.375","3.9","11.8","0.333","7.9","19.6","0.4","3.9","3.9","1","0","11.8","11.8","3.9","0","0","7.9","15.7","31.4","85","110",1995
"86","Todd Day","SG","25","MIL","82","81","2717","8.5","20","0.424","3.1","8","0.39","5.4","12","0.447","4.9","6.5","0.754","1.8","4.3","6.1","2.6","2","1.2","3","5.4","25","108","111",1995
"87","Terry Dehere","PG","23","LAC","80","28","1774","8","19.7","0.407","1.4","4.7","0.294","6.6","15","0.443","6.6","8.4","0.784","1","3.4","4.4","6.5","1.3","0.2","4.5","5.7","24","100","115",1995
"88","Vinny Del Negro","SG","28","SAS","75","71","2360","8","16.5","0.486","1.4","3.5","0.407","6.6","13","0.507","2.8","3.5","0.79","0.6","3.5","4.1","4.9","1.3","0.3","1.2","3.8","20.2","120","109",1995
"89","Bison Dele","C","25","DEN","63","10","1261","8.2","13.9","0.589","0","0","0","8.2","13.9","0.589","4.4","6.7","0.654","4.1","8.3","12.4","2.2","1.6","1.8","4.7","8.7","20.7","105","107",1995
"90","Vlade Divac*","C","26","LAL","80","80","2807","8.7","17.2","0.507","0.2","1","0.189","8.5","16.2","0.525","5.3","6.9","0.777","4.7","10.2","14.9","5.9","2","3.1","3.7","5.5","22.9","114","104",1995
"91","James Donaldson","C","37","UTA","43","40","613","3.7","6.3","0.595","0","0","0","3.7","6.3","0.595","1.9","2.6","0.71","1.6","7.4","9","1.2","0.5","2.4","1.9","5.6","9.3","109","107",1995
"92","Sherman Douglas","PG","28","BOS","65","43","2048","9.1","19.2","0.475","0.5","2","0.244","8.6","17.1","0.502","5.1","7.4","0.689","1.2","3","4.2","11.1","2","0","4","3.8","23.8","111","113",1995
"93","Greg Dreiling","C","32","CLE","58","3","483","4.9","12","0.412","0","0","0","4.9","12","0.412","3","4.8","0.634","3.8","9.8","13.6","2.6","0.7","2.6","2.9","12.7","12.9","94","103",1995
"94","Clyde Drexler*","SG","32","TOT","76","75","2728","10.7","23.2","0.461","2.8","7.6","0.36","7.9","15.5","0.511","6.8","8.3","0.824","2.8","6.1","9","6.8","2.5","0.8","3.5","3.9","30.9","119","106",1995
"95","Kevin Duckworth","C","30","WSB","40","22","818","7.3","16.6","0.442","0.1","0.6","0.2","7.2","16","0.451","2.8","4.3","0.643","4","8.1","12.1","1.2","1.3","1.5","3.7","6.8","17.6","92","110",1995
"96","Chris Dudley","C","29","POR","82","82","2245","4.1","10.2","0.406","0","0","0","4.1","10.1","0.407","1.9","4.2","0.464","7.4","10","17.4","0.8","1","2.9","1.8","6.5","10.2","102","103",1995
"97","Joe Dumars*","SG","31","DET","67","67","2544","8.4","19.6","0.43","2.1","6.8","0.305","6.4","12.8","0.497","5.6","7","0.805","1","2.2","3.2","7.5","1.5","0.1","4.4","3.1","24.6","105","117",1995
"98","Richard Dumas","SF","25","PHO","15","1","167","11.1","21.9","0.507","0","0.3","0","11.1","21.6","0.514","2.4","4.8","0.5","5.4","3.3","8.7","2.1","3","0.6","2.7","6.6","24.6","105","110",1995
"99","Tony Dumas","SG","22","DAL","58","0","613","7.9","20.7","0.384","1.8","6","0.301","6.1","14.6","0.418","4.1","6.4","0.649","2.6","2.5","5.1","4.7","1.1","0.3","4.1","6.4","21.8","97","114",1995
"100","Pat Durham","SF","27","MIN","59","2","852","7.2","14.6","0.494","0.3","1.6","0.192","6.9","13","0.531","3.9","5.9","0.656","2.3","3.5","5.8","3.3","2.2","2","2.8","7","18.6","104","112",1995
"101","Ledell Eackles","SG","28","MIA","54","6","898","8.2","18.8","0.439","1","2.4","0.439","7.2","16.4","0.439","5.2","7.2","0.722","1.9","3.6","5.5","4.1","1.1","0.1","3","5.1","22.7","106","114",1995
"102","Acie Earl","C","24","BOS","30","3","208","6.4","16.7","0.382","0","0","0","6.4","16.7","0.382","3.4","7.1","0.483","4.7","6.4","11","0.5","1.5","2","3.4","9.6","16.2","85","109",1995
"103","Blue Edwards","SF","29","TOT","67","7","1112","8.4","18.2","0.461","1","3.5","0.293","7.4","14.7","0.5","3.5","4.2","0.833","2.3","3.7","6","3.6","2","0.7","3.7","6.6","21.2","101","109",1995
"104","Doug Edwards","PF","24","ATL","38","0","212","5.5","12.1","0.458","0","0.3","0","5.5","11.8","0.468","5.8","8.1","0.719","4.8","7.3","12.1","3.3","1.3","1","5.5","7.6","16.9","96","106",1995
"105","James Edwards","C","39","POR","28","0","266","6.2","16","0.386","0","0","0","6.2","16","0.386","2.1","3.3","0.647","1.9","6.3","8.3","1.5","1","1.5","2.7","8.5","14.4","87","107",1995
"106","Kevin Edwards","SG","29","NJN","14","14","466","7.7","17.2","0.448","2","5","0.4","5.7","12.2","0.468","4.5","4.7","0.952","1.1","3","4.1","3","2.1","0.6","3.9","4.7","21.9","104","110",1995
"107","Craig Ehlo","SG","33","ATL","49","0","1166","8.8","19.3","0.453","2.3","6.1","0.381","6.4","13.2","0.486","2","3.3","0.62","2.5","4.2","6.7","5.2","2.1","0.3","3.3","3.9","21.9","105","107",1995
"108","Howard Eisley","PG","22","TOT","49","4","552","3.8","11.6","0.328","0.9","3.5","0.243","2.9","8.1","0.365","2.9","3.8","0.775","1.1","3.4","4.6","9","1.7","0.6","4.7","7.7","11.4","87","114",1995
"109","Mario Elie","SF","31","HOU","81","13","1896","6.5","13.1","0.499","2.2","5.4","0.398","4.4","7.7","0.57","3.9","4.6","0.842","1.3","3.9","5.3","5.1","1.7","0.3","2.8","4.2","19.1","119","111",1995
"110","Sean Elliott","SF","26","SAS","81","81","2858","8.9","19","0.468","2.4","5.9","0.408","6.5","13.1","0.495","5.8","7.2","0.807","1.1","4","5.1","3.7","1.4","0.7","2.7","3.8","26","116","108",1995
"111","Dale Ellis","SF","34","DEN","81","3","1996","9.2","20.4","0.453","2.8","6.9","0.403","6.4","13.4","0.479","2.9","3.3","0.866","1.5","4.4","5.8","1.5","1","0.2","2.1","3.7","24.1","111","113",1995
"112","Harold Ellis","SF","24","LAC","69","7","656","7.1","14.7","0.481","0.1","1","0.077","7","13.7","0.511","5.4","9.1","0.59","4.3","2.5","6.8","3.1","5.2","0.9","3.8","7.9","19.6","101","107",1995
"113","LaPhonso Ellis","PF","24","DEN","6","0","58","8.1","22.6","0.36","0","0","0","8.1","22.6","0.36","5.4","5.4","1","6.3","9","15.4","3.6","0.9","4.5","4.5","10.9","21.7","95","105",1995
"114","Pervis Ellison","C","27","BOS","55","11","1083","7.2","14.1","0.507","0","0.1","0","7.2","14","0.51","3.3","4.7","0.717","5.8","8.7","14.6","1.6","1","2.5","3.6","8.4","17.7","106","108",1995
"115","Jo Jo English","SG","24","CHI","8","0","127","6.2","16","0.385","1.2","4.9","0.25","4.9","11.1","0.444","4.1","5.3","0.769","0.4","0.8","1.2","2.9","2.9","0.4","2.5","7.8","17.7","98","107",1995
"116","Patrick Ewing*","C","32","NYK","79","79","2920","13.2","26.2","0.503","0.1","0.4","0.286","13.1","25.8","0.506","7.6","10.1","0.75","2.8","12.8","15.6","3.8","1.2","2.9","4.6","4.9","34","106","98",1995
"117","Duane Ferrell","SF","29","IND","56","1","607","7.3","15.2","0.48","0.1","0.5","0.167","7.2","14.7","0.491","5.6","7.5","0.753","4.4","3.3","7.7","2.7","2.3","0.5","3.8","6.9","20.3","107","107",1995
"118","Danny Ferry","PF","28","CLE","82","6","1290","9.8","21.9","0.446","4.1","10.2","0.403","5.7","11.7","0.483","3.2","3.7","0.881","1.3","5","6.3","4.2","1.2","1","2.6","5.7","26.9","114","107",1995
"119","Matt Fish","C","25","LAC","26","8","370","6.7","14.2","0.476","0","0.1","0","6.7","14","0.48","3.4","5.1","0.676","4.4","7.2","11.6","2.3","2.2","1","3.9","9.6","16.9","97","109",1995
"120","Vern Fleming","PG","32","IND","55","1","686","7.2","14.6","0.495","0","0.5","0","7.2","14.1","0.514","5.1","7","0.722","1.6","5.3","6.8","8.5","2.1","0.1","3.3","6.2","19.5","113","107",1995
"121","Sleepy Floyd","SG","34","NJN","48","1","831","4.4","13.3","0.335","1.6","5.5","0.284","2.9","7.8","0.371","1.9","2.7","0.698","0.5","2.9","3.4","7.9","0.8","0.4","3.2","4.6","12.3","93","113",1995
"122","Alphonso Ford","SG","23","PHI","5","0","98","4.8","21","0.231","0","4.8","0","4.8","16.1","0.3","0.5","1.1","0.5","4.3","6.5","10.8","4.8","0.5","0","4.3","2.7","10.2","62","113",1995
"123","Greg Foster","PF","26","TOT","78","3","1144","6.9","14.6","0.472","0.3","1.1","0.304","6.6","13.5","0.485","3.6","5.1","0.703","3.9","8","11.9","1.8","0.7","1.3","3.3","8.4","17.6","100","110",1995
"124","Rick Fox","SF","25","BOS","53","7","1039","8.3","17.2","0.481","1.5","3.7","0.413","6.8","13.6","0.5","4.7","6","0.772","3","4.6","7.6","6.8","2.6","0.9","3.8","7.6","22.8","114","109",1995
"125","Corey Gaines","SG","29","PHI","11","8","280","4.5","9.6","0.471","0.4","2.8","0.133","4.1","6.8","0.611","0.9","2.1","0.455","0.2","3.2","3.4","6.2","1.5","0.2","2.6","4.3","10.4","98","114",1995
"126","Kevin Gamble","SF","29","MIA","77","0","1223","9.3","19","0.489","1.6","4.1","0.398","7.6","14.9","0.514","3.7","4.7","0.784","1.2","3.9","5.2","5","2.2","0.4","2.1","5.5","23.9","118","111",1995
"127","Winston Garland","PG","30","MIN","73","58","1931","4.6","11.2","0.415","0.5","2","0.253","4.1","9.1","0.451","2.4","3","0.795","1.3","3.3","4.6","8.7","1.9","0.4","2.9","5","12.2","103","114",1995
"128","Chris Gatling","PF","27","GSW","58","22","1470","10.8","17.1","0.633","0","0","0","10.8","17","0.634","4.9","8.3","0.592","4.8","10","14.8","1.7","1.3","1.7","3.9","6.1","26.5","114","109",1995
"129","Kenny Gattison","PF","30","CHH","21","0","409","6","12.9","0.47","0","0.1","0","6","12.7","0.475","4","6.6","0.608","2.7","7","9.7","2.2","0.9","1.9","2.8","8.2","16.1","99","106",1995
"130","Matt Geiger","C","25","MIA","74","43","1712","7.8","14.6","0.536","0.1","0.3","0.4","7.7","14.3","0.539","2.8","4.3","0.65","4.4","8.1","12.5","1.7","1.2","1.5","3.4","7.4","18.6","106","109",1995
"131","Tate George","SG","26","MIL","3","0","8","6.5","19.4","0.333","0","6.5","0","6.5","12.9","0.5","12.9","12.9","1","6.5","0","6.5","0","0","0","12.9","6.5","25.9","79","119",1995
"132","Kendall Gill","SG","26","SEA","73","58","2125","9.3","20.3","0.457","1.5","4","0.368","7.8","16.3","0.479","3.7","4.9","0.742","2.3","4.5","6.9","4.5","2.8","0.7","3.3","4.4","23.7","107","107",1995
"133","Armen Gilliam","PF","30","NJN","82","30","2472","9.6","19","0.503","0","0","0","9.6","19","0.504","6.4","8.2","0.77","4","8.9","12.9","2.1","1.4","1.9","3.2","3.6","25.5","111","107",1995
"134","Greg Graham","SG","24","PHI","50","7","775","6.5","15.2","0.426","0.4","1.9","0.214","6.1","13.3","0.456","3.7","5","0.753","1.3","2.9","4.2","4.5","2","0.4","3.3","5.2","17.1","99","113",1995
"135","Ron Grandison","PF","30","NYK","2","0","8","6.6","26.3","0.25","0","0","0","6.6","26.3","0.25","0","0","0","19.7","13.2","32.9","13.2","0","0","0","13.2","13.2","108","103",1995
"136","Brian Grant","PF","22","SAC","80","59","2289","9.4","18.4","0.511","0","0.1","0.25","9.4","18.3","0.512","5.2","8.2","0.636","4.7","8.9","13.6","2.2","1.1","2.6","3.7","6.3","24","106","104",1995
"137","Gary Grant","PG","29","LAC","33","2","470","8.4","18","0.47","0.4","1.7","0.25","8","16.2","0.493","4.9","6","0.818","0.9","2.9","3.8","10.1","3.1","0.3","4.8","7.1","22.2","104","111",1995
"138","Greg Grant","PG","28","DEN","14","0","151","3.5","11.5","0.303","0.7","2.4","0.286","2.8","9","0.308","3.1","4.2","0.75","0.7","2.4","3.1","14.9","2.1","0.7","4.9","7","10.8","95","111",1995
"139","Harvey Grant","PF","29","POR","75","14","1771","8.3","17.9","0.461","0.2","0.8","0.308","8","17.2","0.467","3","4.2","0.705","3","5.2","8.2","2.4","1.6","1.5","1.8","4.7","19.7","109","106",1995
"140","Horace Grant","PF","29","ORL","74","74","2693","7.5","13.2","0.567","0","0.1","0","7.5","13.1","0.574","2.7","4","0.692","4.2","9.2","13.4","3.2","1.4","1.6","1.6","3.8","17.8","126","106",1995
"141","Jeff Grayer","SG","29","PHI","47","25","1098","7.8","18.3","0.428","0.2","0.7","0.333","7.6","17.6","0.432","2.8","4","0.699","2.8","4.4","7.2","3.6","1.3","0.2","2.7","3.8","18.7","99","113",1995
"142","A.C. Green","SF","31","PHO","82","52","2687","5.8","11.5","0.504","0.8","2.4","0.339","5","9.1","0.547","4.7","6.4","0.732","3.6","8.8","12.5","2.4","1","0.6","2.1","2.7","17.1","120","110",1995
"143","Tom Gugliotta","PF-SF","25","TOT","77","63","2568","7.3","16.5","0.443","1.2","3.7","0.323","6.1","12.8","0.478","3.4","5","0.69","3.2","8","11.3","5.5","2.6","1.2","3.7","4","19.2","102","108",1995
"144","Andrés Guibert","PF","26","MIN","17","0","167","5","14.8","0.34","0","1.3","0","5","13.5","0.372","4.1","6","0.684","5","9.1","14.2","3.1","2.5","0.3","3.8","9.1","14.2","87","108",1995
"145","Jack Haley","PF","31","SAS","31","0","117","11.3","26.5","0.426","0","0.4","0","11.3","26","0.433","9.1","13.9","0.656","3.5","8.2","11.7","0.9","1.3","2.2","5.6","13.4","31.7","92","104",1995
"146","Geert Hammink","C","25","ORL","1","0","7","7.2","21.6","0.333","0","0","0","7.2","21.6","0.333","14.4","14.4","1","0","14.4","14.4","7.2","0","0","0","7.2","28.8","131","106",1995
"147","Tom Hammonds","PF","27","DEN","70","5","956","7.6","14.3","0.535","0","0.1","0","7.6","14.2","0.537","7.2","9.7","0.746","3","9.2","12.2","2","0.6","0.8","3.1","7.2","22.5","116","109",1995
"148","Darrin Hancock","SF","23","CHH","46","7","424","8.4","15","0.562","0.1","0.4","0.333","8.3","14.7","0.568","2","4.8","0.41","1.7","4.8","6.6","3.7","2.4","0.5","3.7","6","19","97","106",1995
"149","Anfernee Hardaway","PG","23","ORL","77","77","2901","10.2","19.9","0.512","1.5","4.3","0.349","8.7","15.5","0.558","6.2","8.1","0.769","2.4","3.4","5.8","9.6","2.3","0.5","4.5","2.7","28.1","119","110",1995
"150","Tim Hardaway","PG","28","GSW","62","62","2321","9.1","21.3","0.427","3.5","9.4","0.378","5.5","11.9","0.465","4.6","6.1","0.76","1","3","4","12.2","1.9","0.3","4.5","3.3","26.3","112","114",1995
"151","Jerome Harmon","SG","25","PHI","10","0","158","7","17.7","0.396","0.3","0.3","1","6.7","17.4","0.385","1","2","0.5","3","4.7","7.7","4","3","0","2.3","4","15.4","93","109",1995
"152","Derek Harper","PG","33","NYK","80","80","2716","6.5","14.7","0.446","2.1","5.7","0.363","4.5","9","0.498","2.7","3.7","0.724","0.6","3.2","3.8","8.9","1.5","0.2","2.9","4.2","17.8","111","107",1995
"153","Ron Harper","SG","31","CHI","77","53","1536","7.1","16.7","0.426","1.1","3.7","0.282","6","12.9","0.467","2.8","4.4","0.618","1.7","4.4","6.1","5.3","3.3","0.9","3.4","4.5","18","98","103",1995
"154","Lucious Harris","SG","24","DAL","79","31","1695","8.4","18.2","0.459","1.6","4.2","0.387","6.7","14","0.481","4.1","5.1","0.8","2.5","4","6.6","3.9","1.7","0.4","2.3","3.1","22.5","117","112",1995
"155","Tony Harris","SG","27","BOS","3","0","18","8.5","22.7","0.375","0","2.8","0","8.5","19.9","0.429","22.7","25.5","0.889","0","0","0","0","0","0","2.8","5.7","39.7","122","119",1995
"156","Antonio Harvey","PF","24","LAL","59","8","572","6.8","15.5","0.438","0.1","0.1","1","6.7","15.4","0.434","2.1","4","0.533","3.4","5.6","9","2","1.3","3.6","2.2","7.7","15.8","97","109",1995
"157","Hersey Hawkins","SG","28","CHH","82","82","2731","7.5","15.6","0.482","2.5","5.7","0.44","5","9.9","0.507","5","5.8","0.867","1.2","4.9","6.1","5.1","2.4","0.3","2.9","3.4","22.6","118","107",1995
"158","Steve Henson","PG","26","POR","37","0","380","5","11.6","0.43","3.1","7","0.442","1.9","4.6","0.412","3","3.4","0.88","0.4","3.1","3.5","11.4","1.2","0","4","7","16","119","110",1995
"159","Carl Herrera","PF","28","HOU","61","26","1331","6.5","12.5","0.523","0","0.1","0","6.5","12.4","0.526","2.8","4.5","0.624","3.8","6.9","10.6","1.7","1.5","1.5","2.7","5.2","15.9","105","108",1995
"160","Rod Higgins","SF","35","GSW","5","2","46","3.2","12.8","0.25","1.1","6.4","0.167","2.1","6.4","0.333","3.2","4.3","0.75","4.3","3.2","7.5","3.2","1.1","1.1","1.1","7.5","10.7","97","115",1995
"161","Sean Higgins","SF","26","NJN","57","7","735","7.4","19.3","0.385","1.6","5.5","0.295","5.8","13.8","0.421","2.5","2.8","0.875","1.8","3.7","5.5","2.1","0.7","0.6","2.5","6.6","19","95","113",1995
"162","Grant Hill*","SF","22","DET","70","69","2678","9.8","20.5","0.477","0.1","0.5","0.148","9.7","19.9","0.486","7.2","9.8","0.732","2.4","6.2","8.6","6.8","2.4","1.2","3.9","3.9","26.8","109","111",1995
"163","Tyrone Hill","C","26","CLE","70","67","2397","8.3","16.4","0.504","0","0","0","8.3","16.4","0.505","6.2","9.4","0.662","6.4","11.7","18.1","1.3","1.3","1","3.6","5.8","22.7","109","102",1995
"164","Donald Hodge","C","25","DAL","54","0","633","6.6","16.3","0.407","0.3","1.1","0.286","6.3","15.2","0.416","3.1","4.1","0.765","3.2","6.6","9.8","3.3","0.8","1.1","3.1","8.6","16.7","98","111",1995
"165","Jeff Hornacek","SG","31","UTA","81","81","2696","9.3","18","0.514","1.7","4.2","0.406","7.6","13.8","0.547","5.5","6.2","0.882","1","3","4","6.7","2.5","0.3","2.8","3.5","25.7","122","108",1995
"166","Robert Horry","PF","24","HOU","64","61","2074","5.9","13.2","0.447","2.1","5.6","0.379","3.8","7.6","0.497","2.1","2.8","0.761","2","6","8","5.3","2.3","1.9","3","4","16","108","106",1995
"167","Allan Houston","SG","23","DET","76","39","1996","10.3","22.2","0.463","4.1","9.6","0.424","6.2","12.5","0.494","3.8","4.4","0.86","0.7","3.6","4.3","4.2","1.6","0.4","2.9","4.7","28.4","113","116",1995
"168","Byron Houston","PF","25","SEA","39","0","258","9.5","20.9","0.458","1.2","4.3","0.273","8.4","16.6","0.506","5.5","7.4","0.737","3.9","6.8","10.7","1.2","2.5","1","3.9","9.7","25.7","103","105",1995
"169","Tom Hovasse","SF","28","ATL","2","0","4","0","13.4","0","0","13.4","0","0","0","0","0","0","0","0","0","0","0","13.4","0","0","13.4","0","0","86",1995
"170","Juwan Howard","PF","21","WSB","65","52","2348","9.8","20.1","0.489","0","0.2","0","9.8","20","0.492","4.2","6.3","0.664","4","7.8","11.8","3.6","1.1","0.3","3.6","5.1","23.9","104","112",1995
"171","Jay Humphries","SG-PG","32","TOT","18","0","201","2.1","8.7","0.235","0.5","1","0.5","1.5","7.7","0.2","0.5","1","0.5","1","2.3","3.3","4.9","2.3","0","4.4","9","5.1","60","110",1995
"172","Lindsey Hunter","PG","24","DET","42","26","944","6.5","17.4","0.374","2","5.9","0.333","4.5","11.5","0.395","2.2","3","0.727","1.3","2.8","4.1","8.7","2.8","0.4","4.3","5.1","17.1","94","114",1995
"173","Bobby Hurley","PG","23","SAC","68","6","1105","4.8","13.4","0.363","1","3.6","0.276","3.9","9.8","0.394","2.7","3.6","0.763","0.7","2.6","3.3","10.6","1.4","0","5.2","3.7","13.4","91","111",1995
"174","Jaren Jackson","SG","27","PHI","21","1","257","5.1","14","0.368","0.8","3.1","0.267","4.3","10.9","0.396","3.3","4.9","0.667","3.7","4.9","8.6","3.9","1.8","1","3.5","6.8","14.4","93","111",1995
"175","Jim Jackson","SG","24","DAL","51","51","1982","12.4","26.2","0.472","0.9","2.8","0.318","11.5","23.4","0.49","7.8","9.7","0.805","3.1","3.6","6.6","4.9","0.7","0.3","4.1","2.4","33.5","113","115",1995
"176","Mark Jackson","PG","29","IND","82","67","2402","5.3","12.6","0.422","0.6","1.9","0.31","4.7","10.6","0.443","2.6","3.4","0.778","1.6","5.2","6.8","13.7","2.3","0.4","4.7","3.3","13.8","105","106",1995
"177","Keith Jennings","PG","26","GSW","80","24","1722","5.4","12.1","0.447","2.1","5.8","0.368","3.3","6.3","0.52","3.8","4.4","0.876","0.7","3.5","4.2","10.6","2.7","0.1","3.4","3.8","16.8","119","113",1995
"178","Avery Johnson","PG","29","SAS","82","82","3011","7.5","14.5","0.519","0.1","0.4","0.136","7.5","14.2","0.529","3.4","5","0.685","0.8","2.7","3.5","11.3","1.9","0.2","3.5","2.6","18.6","114","109",1995
"179","Ervin Johnson","C","27","SEA","64","30","907","4.7","10.6","0.443","0","0.1","0","4.7","10.6","0.445","1.6","2.5","0.63","5.6","10.4","16","0.9","0.9","3.7","3","9","11","96","103",1995
"180","Kevin Johnson","PG","28","PHO","47","35","1352","9.1","19.4","0.47","0.1","1","0.154","9","18.4","0.487","8.7","10.7","0.81","1.2","3.1","4.3","13.3","1.7","0.7","3.9","3.3","27","119","113",1995
"181","Larry Johnson","PF","25","CHH","81","81","3234","9.5","19.8","0.48","1.3","3.4","0.386","8.2","16.4","0.5","4.5","5.8","0.774","3.1","6.4","9.5","6","1.3","0.5","3.4","2.8","24.8","111","108",1995
"182","Askia Jones","SG","23","MIN","11","0","139","5.7","16.6","0.341","0.8","4.5","0.167","4.9","12.1","0.406","4.9","6","0.813","2.3","1.9","4.2","6","2.3","0","3.4","7.2","17","94","115",1995
"183","Charles Jones","PF","37","HOU","3","0","36","1.4","4.2","0.333","0","0","0","1.4","4.2","0.333","1.4","2.8","0.5","2.8","7.1","9.9","0","0","1.4","0","11.3","4.2","108","110",1995
"184","Eddie Jones","SG","23","LAL","64","58","1981","8.7","18.9","0.46","2.3","6.3","0.37","6.4","12.7","0.504","3.1","4.3","0.722","2","4.3","6.3","3.3","3.3","1","1.9","4.5","22.8","113","108",1995
"185","Popeye Jones","PF","24","DAL","80","80","2385","7.9","17.8","0.443","0","0.3","0.083","7.9","17.6","0.449","1.7","2.6","0.645","7","10.9","17.9","3.5","0.7","0.6","2.6","5.7","17.5","105","109",1995
"186","Michael Jordan*","SG","31","CHI","17","17","668","13","31.5","0.411","1.2","2.5","0.5","11.7","29","0.403","8.5","10.6","0.801","2","7.2","9.1","7","2.3","1","2.7","3.7","35.7","109","103",1995
"187","Adam Keefe","SF","24","UTA","75","0","1270","7","12.2","0.577","0","0","0","7","12.2","0.577","4.8","7.1","0.676","5.5","7.8","13.3","1.2","1.5","1","2.5","5.8","18.8","120","106",1995
"188","Shawn Kemp","PF","25","SEA","82","79","2679","10.2","18.7","0.547","0","0.1","0.286","10.2","18.6","0.548","8.2","11","0.749","6","10.8","16.8","2.8","1.9","2.3","4.9","6.3","28.7","115","102",1995
"189","Steve Kerr","PG","29","CHI","82","0","1839","7.4","14","0.527","2.5","4.8","0.524","4.9","9.2","0.529","1.8","2.3","0.778","0.6","2.8","3.4","4.3","1.2","0.1","1.4","3.2","19.1","129","109",1995
"190","Jerome Kersey","SF","32","POR","63","0","1143","9.1","21.9","0.415","0.3","1.2","0.259","8.8","20.7","0.424","4.3","5.6","0.766","4.2","7.3","11.5","3.7","2.3","1.6","2.9","7.7","22.7","104","103",1995
"191","Randolph Keys","SF","28","LAL","6","0","83","5.5","15.8","0.346","0","5.5","0","5.5","10.3","0.529","1.2","1.2","1","3.6","6.7","10.3","1.2","0.6","1.2","1.2","9.7","12.2","89","111",1995
"192","Jason Kidd*","PG","21","DAL","79","79","2668","6.3","16.3","0.385","1.3","4.9","0.272","4.9","11.4","0.433","3.6","5.2","0.698","2.9","5.3","8.2","11.5","2.9","0.5","4.7","2.8","17.5","103","109",1995
"193","Rich King","C","25","SEA","2","0","6","0","16.8","0","0","0","0","0","16.8","0","0","16.8","0","0","0","0","0","0","0","0","8.4","0","0","116",1995
"194","Stacey King","PF","28","MIN","50","10","792","6.6","14.1","0.467","0","0.1","0","6.6","14","0.469","4.5","6.8","0.667","3.6","7.4","10.9","1.7","1.6","1.3","4.2","8.4","17.6","93","111",1995
"195","Greg Kite","C","33","TOT","11","0","77","2.1","11.7","0.176","0","0","0","2.1","11.7","0.176","1.4","6.9","0.2","8.3","6.9","15.2","0.7","0","0","4.1","10.4","5.5","58","109",1995
"196","Joe Kleine","C","33","PHO","75","42","968","6.2","13.7","0.449","0","0.1","0","6.2","13.6","0.452","2.2","2.5","0.857","4.2","9.1","13.4","2","0.7","0.9","1.8","9","14.5","107","110",1995
"197","Negele Knight","PG","27","TOT","47","17","708","6.2","15.6","0.397","0.8","2","0.393","5.4","13.5","0.398","1.3","1.8","0.72","1.5","2.9","4.4","9.2","1.5","0.4","3.6","5.1","14.5","96","116",1995
"198","Jon Koncak","C","31","ATL","62","20","943","4.4","10.6","0.412","0.7","2","0.333","3.7","8.6","0.43","0.7","1.4","0.542","1.3","9.1","10.4","2.9","2","2.6","1.1","7.8","10.1","101","101",1995
"199","Larry Krystkowiak","PF","30","CHI","19","14","287","5.1","13.1","0.389","0","0","0","5.1","13.1","0.389","4.9","5.5","0.9","3.5","7.3","10.7","4.7","1.6","0.4","4.5","6.2","15.1","96","105",1995
"200","Toni Kukoc","SF","26","CHI","81","55","2584","9.8","19.5","0.504","1.3","4","0.313","8.6","15.5","0.553","4.7","6.3","0.748","3.1","5.8","8.9","7.5","2.1","0.3","3.3","3.3","25.7","118","105",1995
"201","Christian Laettner","C","25","MIN","81","80","2770","8.5","17.4","0.489","0.2","0.8","0.325","8.3","16.7","0.497","7.8","9.5","0.818","3.1","8.5","11.6","4.4","1.9","1.6","4.3","5.7","25.1","109","109",1995
"202","Andrew Lang","C","28","ATL","82","63","2340","7.3","15.5","0.473","0","0.1","0.667","7.3","15.4","0.472","3.5","4.3","0.809","3.5","6.9","10.4","1.6","1","3.3","2.5","6.2","18.1","106","105",1995
"203","Antonio Lang","SF","22","PHO","12","0","53","3.8","9.4","0.4","0","0","0","3.8","9.4","0.4","2.8","3.8","0.75","2.8","0.9","3.8","0.9","0","1.9","4.7","10.4","10.4","78","116",1995
"204","Eric Leckner","C","28","DET","57","11","623","7.2","13.6","0.527","0","0.2","0","7.2","13.5","0.534","4.2","6","0.708","3.9","10.5","14.4","1.2","1.2","1.2","3.2","10.1","18.6","106","110",1995
"205","Doug Lee","SG","30","SAC","22","0","75","6.2","17.3","0.36","4.9","12.5","0.389","1.4","4.9","0.286","12.5","14.6","0.857","0","3.5","3.5","3.5","4.2","2.1","3.5","12.5","29.8","123","102",1995
"206","Tim Legler","SG","28","GSW","24","0","371","7.9","15.2","0.522","3.4","6.6","0.52","4.5","8.6","0.523","4","4.5","0.882","1.6","3.7","5.3","3.6","1.6","0.1","2.6","4.4","23.3","126","115",1995
"207","Jim Les","PG","31","ATL","24","0","188","3.1","10.8","0.289","1.4","6.5","0.217","1.7","4.3","0.4","6.5","7.7","0.852","1.7","5.7","7.4","12.5","1.1","0","6","8","14.2","100","108",1995
"208","Cliff Levingston","PF","34","DEN","57","0","469","6.2","14.5","0.423","0","0.1","0","6.2","14.4","0.426","2.1","5","0.422","5.5","8.4","13.9","3","1.5","2.2","2.3","10.2","14.4","98","107",1995
"209","Alton Lister","C","36","MIL","60","32","776","4.4","8.9","0.493","0","0.1","0","4.4","8.9","0.496","2.3","4.7","0.5","4.5","11.3","15.7","0.8","1.1","3.8","2.5","9.7","11.1","99","106",1995
"210","Brad Lohaus","PF","30","MIA","61","1","730","6.9","16.3","0.42","4.5","11","0.406","2.4","5.4","0.447","0.7","1.1","0.667","2","5.2","7.2","3","1.4","1.8","2.1","6","18.9","113","110",1995
"211","Grant Long","PF","28","TOT","81","79","2641","6.9","14.5","0.478","0.2","0.6","0.355","6.7","13.8","0.483","4.9","6.6","0.751","3.9","8.4","12.3","2.6","2.2","0.7","3.1","4.9","19","108","104",1995
"212","Luc Longley","C","26","CHI","55","0","1001","7","15.7","0.447","0","0.1","0","7","15.6","0.45","4.6","5.6","0.822","4.3","9.4","13.7","3.8","1.3","2.3","4.5","9.2","18.7","100","102",1995
"213","Ryan Lorthridge","SG","22","GSW","37","2","672","7.7","16.3","0.475","0.2","1","0.214","7.5","15.2","0.493","4.2","6.4","0.648","1.8","3.4","5.2","7.4","2","0.1","4.2","3.1","19.8","102","114",1995
"214","George Lynch","SF","24","LAL","56","15","953","7.3","15.6","0.468","0.2","1.1","0.143","7.1","14.5","0.493","3.3","4.6","0.721","4","5.8","9.7","3.3","2.7","0.5","3.9","4.6","18","99","109",1995
"215","Don MacLean","PF","25","WSB","39","20","1052","7.6","17.4","0.438","0.5","1.9","0.25","7.1","15.5","0.461","5","6.6","0.765","2.2","5.7","8","2.5","0.7","0.1","2.1","4.7","20.8","106","114",1995
"216","Mark Macon","SG","25","DET","55","6","721","7.2","18.9","0.381","1.4","4.4","0.323","5.8","14.5","0.399","3.9","4.9","0.794","2.1","3.4","5.4","4.5","4.8","0.1","2.9","6.9","19.7","98","109",1995
"217","Gerald Madkins","SG","25","CLE","7","0","28","4","12.1","0.333","2","4","0.5","2","8.1","0.25","6.1","8.1","0.75","0","0","0","2","4","0","6.1","4","16.2","81","105",1995
"218","Rick Mahorn","PF","36","NJN","58","7","630","6.5","12.5","0.523","0.1","0.2","0.333","6.4","12.2","0.527","3.2","4","0.796","3.7","9.7","13.4","2.1","0.9","1","2.8","7.7","16.4","109","108",1995
"219","Dan Majerle","SF","29","PHO","82","46","3091","7.1","16.7","0.425","3.2","8.9","0.363","3.9","7.8","0.495","3.3","4.6","0.73","1.7","4.4","6.1","5.5","1.6","0.6","1.7","2.5","20.7","119","112",1995
"220","Jeff Malone","SG","33","PHI","19","19","660","11.5","22.7","0.507","0.9","2.2","0.393","10.6","20.5","0.52","4.1","4.7","0.864","0.9","3.5","4.4","2.3","1.2","0","2.3","2.8","28","113","114",1995
"221","Karl Malone*","PF","31","UTA","82","82","3126","13.8","25.7","0.536","0.2","0.7","0.268","13.6","25","0.543","8.6","11.5","0.742","2.6","11.9","14.4","4.7","2.1","1.4","3.9","4.5","36.3","115","101",1995
"222","Moses Malone*","C","39","SAS","17","0","149","4.4","11.9","0.371","0.3","0.7","0.5","4.1","11.2","0.364","7.5","10.9","0.688","6.8","8.9","15.7","2","0.7","1","3.7","5.1","16.7","104","106",1995
"223","Danny Manning","PF","28","PHO","46","19","1510","11.3","20.6","0.547","0.2","0.7","0.286","11.1","19.9","0.556","4.5","6.7","0.673","3.2","5.9","9.1","5.1","1.4","1.9","4","5.8","27.2","110","110",1995
"224","Šarunas Marciulionis*","SG","30","SEA","66","4","1194","9.1","19.2","0.473","1.5","3.7","0.402","7.6","15.6","0.489","6.1","8.3","0.732","0.7","2.1","2.9","4.6","3","0.1","4.1","5.3","25.8","106","108",1995
"225","Donyell Marshall","SF","21","TOT","72","31","2086","8.4","21.3","0.394","1.7","5.9","0.284","6.7","15.4","0.436","3.6","5.4","0.662","3.3","6.5","9.8","2.6","1.1","2.1","2.8","3.8","22","96","112",1995
"226","Bob Martin","C","25","LAC","1","0","14","3.6","18.2","0.2","0","0","0","3.6","18.2","0.2","0","0","0","7.3","0","7.3","3.6","0","3.6","0","7.3","7.3","76","117",1995
"227","Darrick Martin","PG","23","MIN","34","9","803","6.2","15.2","0.408","0.5","2.5","0.184","5.8","12.8","0.451","3.7","4.3","0.877","0.9","3.3","4.2","8.7","2.2","0","4.1","5.8","16.6","97","114",1995
"228","Jamal Mashburn","SF","22","DAL","80","80","2980","11.6","26.6","0.436","1.9","5.9","0.328","9.7","20.8","0.466","7.6","10.3","0.739","2","3.7","5.6","5.1","1.4","0.1","4","3.2","32.8","110","113",1995
"229","Anthony Mason","PF","28","NYK","77","11","2496","6.1","10.7","0.566","0","0","0","6.1","10.7","0.567","4","6.3","0.641","3.8","9.9","13.7","5.1","1.5","0.4","2.6","5.3","16.1","119","102",1995
"230","Tony Massenburg","C","27","LAC","80","50","2127","6.7","14.4","0.469","0","0.1","0","6.7","14.3","0.472","4.2","5.6","0.753","3.8","7.1","10.9","1.6","1.1","1.4","2.8","6.1","17.7","103","111",1995
"231","Vernon Maxwell","SG","29","HOU","64","54","2038","7.7","19.4","0.394","3.6","11","0.324","4.1","8.4","0.485","2.5","3.6","0.688","0.5","3.7","4.1","6.9","1.9","0.3","3.4","3.9","21.4","101","111",1995
"232","Lee Mayberry","PG","24","MIL","82","50","1744","5.1","12.1","0.422","2.1","5.3","0.407","3","6.9","0.433","1.7","2.5","0.699","0.6","1.8","2.4","8.2","1.5","0.1","3.1","3.7","14.1","107","115",1995
"233","George McCloud","SF","27","DAL","42","3","802","9.1","20.7","0.439","2.1","5.6","0.382","7","15.1","0.46","5.1","6.1","0.833","5.2","4.1","9.3","3.3","1.5","0.6","2.5","4.5","25.4","118","112",1995
"234","Xavier McDaniel","SF","31","BOS","68","15","1430","8.8","19.5","0.451","0.2","0.7","0.286","8.6","18.7","0.457","3.2","4.5","0.712","3.4","7.4","10.7","3.9","1.1","0.7","3.2","5.2","21","102","111",1995
"235","Jim McIlvaine","C","22","WSB","55","0","534","3.2","6.8","0.479","0","0","0","3.2","6.8","0.479","2.7","3.9","0.683","3.8","6.2","10","1","1","5.7","1.8","9","9.1","108","108",1995
"236","Derrick McKey","SF","28","IND","81","81","2805","7.8","15.8","0.493","0.6","1.7","0.36","7.2","14.1","0.509","4.2","5.6","0.744","2.4","5.1","7.5","5.2","2.4","0.9","3.2","4.9","20.4","111","105",1995
"237","Aaron McKie","SG","22","POR","45","20","827","7.2","16.1","0.444","0.7","1.7","0.393","6.5","14.4","0.451","3.1","4.5","0.685","2.2","5.8","8","5.5","2.2","1","2.4","6","18.1","109","105",1995
"238","Nate McMillan","PG","30","SEA","80","18","2070","4","9.6","0.418","1.3","3.8","0.342","2.7","5.9","0.467","0.8","1.4","0.586","1.6","5.8","7.3","10.2","4","1.3","3.1","6.7","10.2","109","103",1995
"239","Darnell Mee","SG","23","DEN","2","0","8","6.6","32.8","0.2","6.6","19.7","0.333","0","13.1","0","0","0","0","0","6.6","6.6","13.1","6.6","0","0","0","19.7","92","100",1995
"240","Anthony Miller","PF","23","LAL","46","1","527","6.7","12.6","0.53","0.2","0.5","0.4","6.5","12.2","0.535","4.5","7.3","0.618","6.4","8.1","14.5","3.3","1.9","0.7","3.6","7.4","18.1","111","108",1995
"241","Oliver Miller","PF","24","DET","64","22","1558","7.7","13.8","0.555","0.1","0.4","0.231","7.6","13.4","0.565","2.6","4.1","0.629","5.4","10.3","15.7","3.1","2","3.8","3.8","7.2","18","107","107",1995
"242","Reggie Miller*","SG","29","IND","81","81","2665","10.1","21.8","0.462","3.9","9.4","0.415","6.2","12.4","0.498","7.7","8.5","0.897","0.6","3.6","4.2","4.8","2","0.3","3","3.1","31.8","123","108",1995
"243","Chris Mills","SF","25","CLE","80","79","2814","7.2","17.2","0.42","1.9","4.8","0.392","5.3","12.4","0.431","3.5","4.3","0.817","2","5.4","7.4","3.1","1.2","0.7","2.4","4.9","19.8","106","107",1995
"244","Terry Mills","PF","27","DET","72","69","2514","8.5","19.1","0.447","2.2","5.8","0.382","6.3","13.3","0.475","3.6","4.5","0.799","2.5","8.9","11.4","3.3","1.4","0.7","3","5.2","22.9","107","112",1995
"245","Harold Miner","PG","23","MIA","45","16","871","7.3","18.1","0.403","0.8","2.9","0.286","6.5","15.2","0.426","4.1","5.6","0.726","2.3","4.7","6.9","4.1","0.9","0.4","4.6","5","19.5","92","113",1995
"246","Greg Minor","SG","23","BOS","63","8","945","8.4","16.3","0.515","0.1","0.6","0.167","8.3","15.6","0.529","3.5","4.2","0.833","2.6","4.8","7.4","3.6","1.7","0.9","2.4","4.8","20.4","115","111",1995
"247","Sam Mitchell","SF","31","IND","81","12","1377","7.8","16","0.487","0","0.4","0.1","7.7","15.6","0.496","4.9","6.7","0.724","3.7","5.7","9.4","2.4","1.7","0.8","2.1","8","20.5","113","106",1995
"248","Eric Mobley","C","24","MIL","46","26","587","6.9","11.6","0.591","0.2","0.2","1","6.7","11.5","0.585","1.9","4","0.489","4.9","8.6","13.5","1.9","0.7","2.4","2.1","5.6","15.9","116","110",1995
"249","Eric Montross","C","23","BOS","78","75","2315","6.8","12.7","0.534","0","0","0","6.8","12.7","0.535","3.7","5.8","0.635","4.3","8.2","12.5","0.8","0.6","1.3","2.5","6.6","17.2","111","111",1995
"250","Chris Morris","SF","29","NJN","71","49","2131","8.6","20.9","0.41","2.6","7.7","0.334","6","13.2","0.455","3.5","4.8","0.728","4.4","5.4","9.8","3.6","2.1","1.2","2.9","3.8","23.2","106","108",1995
"251","Dwayne Morton","PG","23","GSW","41","6","395","6.2","16","0.388","1.1","3.1","0.36","5.1","12.9","0.394","7.2","10.5","0.682","2.6","4.6","7.2","2.2","1.4","1.9","3.4","5.6","20.7","100","113",1995
"252","Alonzo Mourning*","C","24","CHH","77","77","2941","10.2","19.7","0.519","0.2","0.6","0.324","10","19.1","0.525","8.8","11.5","0.761","3.6","10","13.6","2","0.9","4","4.3","4.9","29.4","110","102",1995
"253","Chris Mullin*","SF","31","GSW","25","23","890","9.4","19.2","0.489","2.3","5.1","0.452","7.1","14","0.502","5.2","5.9","0.879","1.4","5","6.3","6.9","2.1","1","5.1","2.9","26.2","109","112",1995
"254","Eric Murdock","PG","26","MIL","75","32","2158","8.1","19.5","0.415","2.2","5.8","0.375","6","13.8","0.432","5.1","6.4","0.79","1.2","4","5.1","11.6","2.7","0.3","4.7","3.3","23.4","108","111",1995
"255","Gheorghe Mure<U+0219>an","C","23","WSB","73","58","1720","8.9","16","0.56","0","0","0","8.9","16","0.56","3.7","5.2","0.709","5.3","9.1","14.4","1.1","1.4","3.8","3.4","7.6","21.6","110","107",1995
"256","Lamond Murray","SF","21","LAC","81","61","2556","8.7","21.8","0.402","1.3","4.3","0.298","7.4","17.4","0.427","4","5.3","0.754","2.6","4.4","7","2.6","1.4","1.1","3.2","3.6","22.7","95","113",1995
"257","Tracy Murray","SF","23","TOT","54","3","516","9.4","23.1","0.408","3.5","8.5","0.407","5.9","14.6","0.408","3.3","4.2","0.786","2","3.9","5.8","1.9","1.4","0.4","3.5","7.2","25.5","100","110",1995
"258","Dikembe Mutombo*","C","28","DEN","82","82","3100","5.9","10.6","0.556","0","0","0","5.9","10.6","0.556","4.2","6.4","0.654","5.4","12","17.4","1.9","0.7","5.4","3.3","4.8","16","112","103",1995
"259","Pete Myers","SG","31","CHI","71","14","1270","4.9","11.8","0.415","0.4","1.6","0.256","4.5","10.2","0.44","2.9","4.7","0.614","2.3","3.4","5.7","6.1","2.4","0.6","3.6","5.1","13.1","97","106",1995
"260","Ivano Newbill","SF","24","DET","34","0","331","2.5","7","0.356","0","0","0","2.5","7","0.356","1.2","3.4","0.364","6.2","6.4","12.6","2.6","1.9","1.7","1.9","9.3","6.2","96","111",1995
"261","Johnny Newman","SF","31","MIL","82","11","1896","6.2","13.3","0.463","1.2","3.5","0.352","4.9","9.8","0.503","3.7","4.7","0.801","2","2.8","4.7","2.5","1.9","0.4","2.3","6.4","17.3","111","113",1995
"262","Ken Norman","SF","30","ATL","74","27","1879","11","24.3","0.453","2.8","8.1","0.344","8.2","16.2","0.508","1.8","4","0.457","2.9","7.4","10.3","2.7","1","0.6","2.7","4.4","26.7","103","107",1995
"263","Julius Nwosu","C","23","SAS","23","0","84","5.4","16.9","0.321","0","0","0","5.4","16.9","0.321","7.9","10.3","0.765","6.6","7.9","14.5","1.8","0","1.8","5.4","12.1","18.7","90","107",1995
"264","Shaquille O'Neal*","C","22","ORL","79","79","2923","16.1","27.5","0.583","0","0.1","0","16.1","27.4","0.585","7.9","14.7","0.533","5.7","9.9","15.6","3.7","1.3","3.3","3.5","4.5","40","118","104",1995
"265","Charles Oakley","PF","31","NYK","50","49","1567","6.5","13.2","0.489","0.1","0.4","0.25","6.4","12.8","0.496","4","5","0.793","5.2","9.7","15","4.2","2","0.2","3.5","6","17","109","101",1995
"266","Hakeem Olajuwon*","C","32","HOU","72","72","2853","14.3","27.6","0.517","0.1","0.3","0.188","14.2","27.3","0.52","7.3","9.6","0.756","3.1","10.8","13.8","4.6","2.4","4.3","4.2","4.5","35.8","110","100",1995
"267","Brian Oliver","SG","26","WSB","6","0","42","4.8","10.9","0.444","0","0","0","4.8","10.9","0.444","7.3","9.7","0.75","0","4.8","4.8","4.8","0","0","3.6","9.7","16.9","103","116",1995
"268","Bo Outlaw","PF","23","LAC","81","31","1655","5.2","10","0.523","0","0.2","0","5.2","9.8","0.531","2.5","5.7","0.441","3.7","5.9","9.6","2.6","2.8","4.6","2.4","7","13","102","106",1995
"269","Doug Overton","PG","25","WSB","82","20","1704","6.2","14.8","0.416","1.6","3.7","0.424","4.6","11.1","0.413","3.2","3.7","0.872","0.8","3.5","4.3","7.3","1.6","0.1","3.1","3.8","17.2","106","114",1995
"270","Billy Owens","SG","25","MIA","70","60","2296","9.1","18.5","0.491","0","0.5","0.091","9","18","0.503","4.4","7","0.62","4.6","6.7","11.3","5.5","1.8","0.7","4.6","4.6","22.5","103","109",1995
"271","Robert Pack","PG","25","DEN","42","32","1144","7.8","18.1","0.43","1.4","3.3","0.417","6.4","14.8","0.433","6.3","8","0.783","0.9","4.3","5.2","13.3","2.8","0.3","6.1","4.6","23.3","106","109",1995
"272","Robert Parish*","C","41","CHH","81","4","1352","6.2","14.5","0.427","0","0","0","6.2","14.5","0.427","2.8","3.9","0.703","3.6","10","13.6","1.7","1.1","1.4","2.6","5.1","15.1","95","104",1995
"273","Gary Payton*","PG","26","SEA","82","82","3015","11.4","22.4","0.509","1.2","3.9","0.302","10.3","18.6","0.553","4.2","5.8","0.716","1.8","2.9","4.7","9.7","3.4","0.2","3.4","3.4","28.2","118","107",1995
"274","Anthony Peeler","SG","25","LAL","73","24","1559","9.2","21.3","0.432","2.7","7","0.389","6.5","14.3","0.454","3.3","4.1","0.797","2","3.4","5.4","3.9","1.7","0.4","2.7","4.6","24.5","108","113",1995
"275","Mike Peplowski","C","24","DET","6","0","21","12.3","12.3","1","0","0","0","12.3","12.3","1","2.5","4.9","0.5","2.5","4.9","7.4","2.5","2.5","0","4.9","24.5","27","126","112",1995
"276","Will Perdue","C","29","CHI","78","78","1592","8.3","15","0.553","0","0","0","8.3","15","0.555","3.7","6.4","0.582","6.9","10.2","17.1","2.9","0.9","1.8","3.8","7.2","20.3","111","103",1995
"277","Sam Perkins","C","33","SEA","82","37","2356","7.4","15.8","0.466","2.9","7.3","0.397","4.5","8.5","0.526","4.6","5.7","0.799","2","6.4","8.5","2.9","1.5","1","1.6","4","22.3","126","108",1995
"278","Elliot Perry","PG","25","PHO","82","51","1977","7.7","14.9","0.52","0.6","1.5","0.417","7.1","13.4","0.532","4","4.9","0.81","1.3","2.5","3.8","10","3.9","0.1","4.1","3.6","20.1","114","109",1995
"279","Tim Perry","PF","29","PHI","42","1","446","3.2","9.2","0.346","0","1.7","0","3.2","7.6","0.422","2.6","4.7","0.55","4.5","6","10.5","1.4","1.2","1.8","2.5","6","9","88","111",1995
"280","Chuck Person","SF","30","SAS","81","1","2033","7.9","18.7","0.423","4.3","11.1","0.387","3.6","7.6","0.475","1.6","2.5","0.647","1.2","5.2","6.4","2.6","1.1","0.3","2.5","4.9","21.8","107","108",1995
"281","Wesley Person","SG","23","PHO","78","56","1800","8.6","17.7","0.484","3.2","7.4","0.436","5.4","10.3","0.519","2.2","2.8","0.792","1.9","3.7","5.6","2.9","1.3","0.7","2.2","4.1","22.6","116","113",1995
"282","Derrick Phelps","PG","22","SAC","3","0","5","0","10.4","0","0","0","0","0","10.4","0","0","20.8","0","0","0","0","10.4","0","0","0","31.2","0","29","114",1995
"283","Bobby Phills","SG","25","CLE","80","79","2500","7.7","18.5","0.414","0.4","1.2","0.345","7.2","17.2","0.419","4.1","5.3","0.779","2","4","6","4.1","2.6","0.6","2.6","4.7","19.9","101","105",1995
"284","Eric Piatkowski","SG","24","LAC","81","11","1208","8.5","19.2","0.441","3.1","8.3","0.374","5.4","10.9","0.492","3.8","4.8","0.783","2.7","2.9","5.6","3.2","1.6","0.6","2.7","6.3","23.8","111","114",1995
"285","Ricky Pierce","PG","35","GSW","27","6","673","8.1","18.5","0.437","1.7","5.1","0.329","6.4","13.4","0.478","6.8","7.7","0.877","0.9","3.8","4.7","2.9","1.6","0.1","1.7","2.8","24.6","117","115",1995
"286","Ed Pinckney","PF","31","MIL","62","17","835","3","6","0.495","0","0","0","3","6","0.495","2.7","3.8","0.71","4","9.1","13.1","1.3","2.1","1.1","1.6","4","8.7","116","108",1995
"287","Scottie Pippen*","SF","29","CHI","79","79","3014","11","22.8","0.48","1.9","5.5","0.345","9.1","17.4","0.523","5.5","7.6","0.716","3","8","11.1","7.1","4","1.5","4.7","4.1","29.3","110","98",1995
"288","Olden Polynice","C","30","SAC","81","81","2534","7.7","14.2","0.544","0","0","1","7.7","14.2","0.543","2.5","4","0.639","5.7","9.2","14.9","1.3","1","1.1","2.3","4.9","18","114","106",1995
"289","Terry Porter","PG","31","POR","35","9","770","7","17.7","0.393","2.9","7.6","0.386","4.1","10.2","0.399","3.9","5.4","0.707","1.2","4.2","5.4","8.8","2","0.1","3.9","4","20.7","109","108",1995
"290","Mark Price","PG","30","CLE","48","34","1375","10.4","25.2","0.413","4.2","10.4","0.407","6.2","14.8","0.418","6.1","6.7","0.914","1","3.6","4.6","13.8","1.4","0.2","5.8","2.1","31.2","111","108",1995
"291","Kevin Pritchard","PG","27","TOT","19","0","194","3.5","8.6","0.406","0.5","2.1","0.25","2.9","6.4","0.458","4.3","5.6","0.762","0","3.2","3.2","9.1","0.5","0.3","3.2","5.9","11.8","107","115",1995
"292","Dino Radja*","PF","27","BOS","66","48","2147","10.7","21.9","0.49","0","0","0","10.7","21.8","0.49","5.5","7.3","0.759","3.5","10.1","13.6","2.6","1.4","2","3.8","5.5","26.9","106","107",1995
"293","Kurt Rambis","PF","36","LAL","26","1","195","4.7","9.1","0.514","0","0","0","4.7","9.1","0.514","2.1","3.1","0.667","2.6","6.2","8.8","4.1","0.8","2.3","2.1","9.1","11.4","111","110",1995
"294","Mark Randall","PF","27","DEN","8","0","39","4","13.5","0.3","0","1.3","0","4","12.1","0.333","0","0","0","5.4","10.8","16.1","1.3","0","0","1.3","6.7","8.1","84","110",1995
"295","Eldridge Recasner","SG","27","DEN","3","0","13","4","24.2","0.167","0","4","0","4","20.2","0.2","16.1","16.1","1","0","8.1","8.1","4","12.1","0","8.1","0","24.2","76","87",1995
"296","Khalid Reeves","PG","22","MIA","67","17","1462","7.3","16.4","0.443","2.4","6","0.392","4.9","10.4","0.473","4.9","6.9","0.714","1.8","4.7","6.6","10.2","2.7","0.4","4.7","4.9","21.9","111","109",1995
"297","J.R. Reid","PF","26","SAS","81","37","1566","6.5","12.8","0.508","0","0.1","0.5","6.5","12.8","0.508","5.2","7.5","0.687","3.9","8.8","12.7","1.8","1.9","1","3.7","7.5","18.2","105","103",1995
"298","Glen Rice","SF","27","MIA","82","82","3014","11.4","24","0.475","3.2","7.7","0.41","8.3","16.3","0.506","5.3","6.3","0.855","1.7","4.8","6.5","3.3","1.9","0.2","2.6","3.5","31.4","118","111",1995
"299","Pooh Richardson","PG","28","LAC","80","77","2864","6.3","15.9","0.394","1.5","4.3","0.357","4.7","11.6","0.407","1.4","2.2","0.648","0.7","4","4.6","11.2","2.3","0.2","3","3.9","15.5","102","112",1995
"300","Mitch Richmond*","SG","29","SAC","82","82","3172","10.9","24.5","0.446","2.6","6.9","0.368","8.4","17.6","0.477","6.1","7.3","0.843","1.1","4.7","5.9","5.1","1.5","0.5","3.8","3.7","30.6","110","109",1995
"301","Isaiah Rider","SG","23","MIN","75","67","2645","11.1","24.8","0.447","2.8","7.9","0.351","8.3","16.9","0.491","5.5","6.7","0.817","1.8","3.2","4.9","4.9","1.4","0.5","4.6","3.9","30.4","103","116",1995
"302","Eric Riley","C","24","LAC","40","4","434","7.6","17","0.448","0","0.1","0","7.6","16.9","0.451","5.5","7.5","0.734","5.3","7.9","13.1","1.3","2","4.1","3.6","9.1","20.8","100","107",1995
"303","Doc Rivers","PG","33","TOT","63","0","989","5.6","15.5","0.358","2.3","6.5","0.354","3.2","9","0.36","3.1","4.2","0.732","0.8","4.8","5.6","8.3","3.3","1.1","3.1","7.7","16.5","103","103",1995
"304","Fred Roberts","SF","34","CLE","21","0","223","7.1","18.3","0.389","1","2.8","0.364","6.1","15.5","0.393","5.1","6.6","0.769","3.3","5.3","8.6","2","1.5","0.8","1.8","6.6","20.3","105","106",1995
"305","Clifford Robinson","SF","28","POR","75","73","2725","11.2","24.8","0.452","2.7","7.2","0.371","8.5","17.6","0.486","5","7.2","0.694","2.9","5.1","7.9","3.7","1.5","1.5","3","4.5","30.1","113","107",1995
"306","David Robinson*","C","29","SAS","81","81","3074","13","24.5","0.53","0.1","0.3","0.3","12.9","24.2","0.533","10.8","14","0.774","3.9","10.6","14.5","3.9","2.2","4.3","3.8","3.8","36.9","120","99",1995
"307","Glenn Robinson","SF","22","MIL","80","76","2958","11.1","24.7","0.451","1.5","4.7","0.321","9.6","20","0.482","6.9","8.7","0.796","3","6","9","3.4","2","0.4","5.5","4.1","30.7","102","111",1995
"308","James Robinson","PG","24","POR","71","25","1539","8.5","20.7","0.409","2.5","7.4","0.341","6","13.3","0.446","2.2","3.7","0.591","1.4","3","4.4","6","1.6","0.4","4.2","4.7","21.6","98","109",1995
"309","Dennis Rodman*","PF","33","SAS","49","26","1568","4.4","7.8","0.571","0","0.1","0","4.4","7.7","0.576","2.4","3.6","0.676","8.9","17.8","26.6","3.1","1","0.7","3.2","5.1","11.3","120","100",1995
"310","Carlos Rogers","C","23","GSW","49","18","1017","8.7","16.4","0.529","0.1","0.7","0.143","8.6","15.7","0.546","3.7","7","0.521","5.2","8.2","13.4","1.8","1.1","2.5","4","6","21.1","101","110",1995
"311","Rodney Rogers","PF","23","DEN","80","77","2142","9.2","18.8","0.488","1.2","3.6","0.338","8","15.2","0.523","4.4","6.7","0.651","3.2","6.2","9.4","3.9","2.3","1.1","4.2","6.9","24","105","107",1995
"312","Tree Rollins","C","39","ORL","51","3","478","2.1","4.4","0.476","0","0","0","2.1","4.4","0.476","2.2","3.3","0.677","3.3","6.8","10","1","0.7","3.8","2.4","6.7","6.4","99","107",1995
"313","Sean Rooks","C","25","MIN","80","70","2405","6.3","13.4","0.47","0","0.1","0","6.3","13.3","0.474","6.3","8.3","0.761","3.6","7","10.6","2.1","0.6","1.6","3.1","4.5","19","107","113",1995
"314","Jalen Rose","SF","22","DEN","81","37","1798","6.6","14.6","0.454","1.1","3.3","0.316","5.6","11.3","0.495","5","6.8","0.739","1.7","4.7","6.3","11.4","1.9","0.6","4.7","6","19.4","110","110",1995
"315","Donald Royal","SF","28","ORL","70","68","1841","5.6","11.9","0.475","0","0.1","0","5.6","11.8","0.479","6.1","8.2","0.746","2.3","5.4","7.6","5.4","1.2","0.4","3.4","4.3","17.4","111","110",1995
"316","Clifford Rozier","C","22","GSW","66","34","1494","6.2","12.8","0.485","0.1","0.2","0.286","6.1","12.6","0.488","2.2","5","0.447","6.6","9.4","15.9","1.5","1.1","1.3","2.9","6.4","14.7","100","110",1995
"317","Trevor Ruffin","PG","24","PHO","49","1","319","13.2","30.9","0.426","6","15.5","0.384","7.2","15.4","0.469","4.2","6","0.711","1.3","2.4","3.6","7.5","2.2","0.3","7.4","8.2","36.5","98","112",1995
"318","Bryon Russell","SF","24","UTA","63","15","860","6.3","14.3","0.437","0.8","2.7","0.295","5.5","11.7","0.469","3.7","5.6","0.667","2.7","5.8","8.5","2","2.9","0.7","2.5","6.1","17.1","101","105",1995
"319","John Salley","C","30","MIA","75","50","1955","5.2","10.4","0.499","0","0","0","5.2","10.4","0.499","4","5.5","0.739","2.9","6","8.9","3.3","1.2","2.2","2.6","7.4","14.5","111","109",1995
"320","Danny Schayes","C","35","PHO","69","27","823","7.7","15.1","0.508","0.1","0.1","1","7.6","15","0.506","3","4.2","0.725","3.5","9.2","12.6","5.4","1.2","2.2","3.9","10.3","18.4","105","108",1995
"321","Steve Scheffler","C","27","SEA","18","0","102","5.9","11.3","0.522","0","0","0","5.9","11.3","0.522","7.4","8.9","0.833","3.9","7.4","11.3","2","1","1","1.5","4.4","19.2","134","108",1995
"322","Dwayne Schintzius","C","26","NJN","43","11","318","6.7","17.7","0.38","0","0","0","6.7","17.7","0.38","1","1.8","0.545","4.7","8.5","13.3","2.5","0.5","2.8","2.8","7.4","14.4","87","108",1995
"323","Detlef Schrempf","SF","32","SEA","82","82","2886","9.1","17.4","0.523","1.6","3.2","0.514","7.5","14.2","0.525","7.6","9.1","0.839","2.4","6.5","8.8","5.4","1.6","0.6","3.1","4.4","27.4","127","108",1995
"324","Byron Scott","PG","33","IND","80","1","1528","9.2","20.3","0.455","2.8","7.1","0.389","6.5","13.3","0.489","6.7","7.9","0.85","0.6","4.6","5.3","3.8","2.1","0.5","4.2","4.3","28","110","107",1995
"325","Dennis Scott","SF","26","ORL","62","10","1499","9.5","21.7","0.439","5.1","11.9","0.426","4.5","9.9","0.454","2.9","3.8","0.754","0.8","4.1","4.9","4.4","1.5","0.5","1.9","4","27","120","111",1995
"326","Malik Sealy","SG","24","LAC","60","41","1604","9.2","21.2","0.435","0.7","2.3","0.301","8.5","18.9","0.451","5.5","7.1","0.78","2.4","4.3","6.8","3.4","2.3","0.8","2.6","5.5","24.7","105","112",1995
"327","Rony Seikaly","C","29","GSW","36","35","1035","7.7","14.9","0.516","0","0","0","7.7","14.9","0.516","5.3","7.6","0.694","3.6","9","12.6","2.1","0.9","1.8","4.9","5.8","20.6","99","111",1995
"328","Charles Shackleford","PF","28","MIN","21","2","239","8.6","14.3","0.6","0","0","0","8.6","14.3","0.6","3.5","4.4","0.8","3.5","11.2","14.7","1.8","1.8","1.3","1.8","10.3","20.7","124","107",1995
"329","Brian Shaw","PG","28","ORL","78","9","1836","5.3","13.6","0.389","1.3","5.1","0.261","4","8.5","0.465","1.9","2.6","0.737","1.4","5.2","6.6","11.2","2","0.5","5.1","5.1","13.8","97","109",1995
"330","Lionel Simmons","SF","26","SAC","58","3","1064","6.4","15.2","0.42","0.3","0.8","0.375","6.1","14.5","0.422","2.9","4.1","0.702","3","6.6","9.6","4.3","1.4","1.1","3.4","5.8","16","96","107",1995
"331","Dickey Simpkins","PF","22","CHI","59","5","586","6.9","16.4","0.424","0","0","0","6.9","16.4","0.424","4.5","6.4","0.694","5.3","8.1","13.4","3.3","0.9","0.6","4","6.4","18.3","98","105",1995
"332","Scott Skiles","PG","30","WSB","62","62","2077","6.5","14.3","0.455","2.3","5.6","0.421","4.1","8.7","0.476","4.4","4.9","0.886","0.6","3.3","3.9","11.1","1.7","0.1","4.2","3.3","19.7","115","114",1995
"333","Reggie Slater","PF","24","DEN","25","0","236","8.9","18","0.494","0","0","0","8.9","18","0.494","8.9","12.2","0.727","4.7","8","12.7","2.7","1.6","0.7","5.8","10.5","26.7","104","108",1995
"334","Charles Smith","SF","29","NYK","76","58","2150","8.6","18.3","0.471","0.2","0.8","0.226","8.4","17.5","0.482","6.2","7.9","0.792","3.5","4.4","7.9","2.9","1.2","2.3","3.6","7","23.7","106","105",1995
"335","Chris Smith","SG","24","MIN","64","17","1073","5.7","12.9","0.439","2.3","5.3","0.435","3.4","7.6","0.442","2","3.1","0.651","0.7","2.9","3.6","7.1","1.6","1.1","2.4","5.8","15.7","110","115",1995
"336","Doug Smith","PF","25","DAL","63","0","826","8","19.3","0.417","0.1","0.7","0.083","8","18.5","0.43","3.5","4.6","0.76","2.6","6.2","8.8","2.7","1.8","1.6","2.3","8.1","19.6","102","109",1995
"337","Kenny Smith","PG","29","HOU","81","81","2030","7.2","14.9","0.484","3.6","8.3","0.429","3.6","6.6","0.553","3.2","3.7","0.851","0.7","3.2","3.9","8.1","1.8","0.3","3.1","2.7","21.1","122","111",1995
"338","Michael Smith","PF","29","LAC","29","0","319","10.1","21.4","0.47","0.2","1.3","0.125","9.9","20.1","0.492","4.1","4.8","0.867","2.1","6.9","8.9","3.2","1","0.3","2.9","6.5","24.4","103","113",1995
"339","Steve Smith","SG","25","TOT","80","61","2665","8.6","20.1","0.426","2.7","8.3","0.329","5.8","11.8","0.494","6.3","7.4","0.841","2.1","3.4","5.5","5.5","1.2","0.7","3.1","4.5","26.1","115","109",1995
"340","Tony Smith","SG","26","LAL","61","4","1024","6.5","15.2","0.427","1.6","4.5","0.352","4.9","10.7","0.459","2.2","3.1","0.698","2.1","3.2","5.3","5","2.3","0.3","2.5","5.5","16.7","106","112",1995
"341","Rik Smits","C","28","IND","78","78","2381","12.5","23.7","0.526","0","0","0","12.5","23.7","0.527","6.4","8.4","0.753","4.3","9.2","13.5","2.5","0.9","1.8","4.2","6.2","31.3","110","105",1995
"342","Elmore Spencer","C","25","LAC","19","8","368","7.2","16.3","0.441","0","0.1","0","7.2","16.2","0.444","3.9","6.9","0.56","1.5","7.5","9","3.5","1.9","3.2","6.6","8.6","18.3","78","108",1995
"343","Felton Spencer","C","27","UTA","34","34","905","6","12.3","0.488","0","0","0","6","12.3","0.488","6.1","7.7","0.793","5.2","9.7","14.9","1","0.7","1.8","3.9","7.5","18.2","107","105",1995
"344","Latrell Sprewell","SG","24","GSW","69","69","2771","8.7","20.7","0.418","1.6","5.8","0.276","7.1","15","0.473","6.2","7.9","0.781","1","3.5","4.5","4.9","2","0.8","4.1","1.9","25.1","102","114",1995
"345","John Starks","SG","29","NYK","80","78","2725","8.1","20.5","0.395","4.2","11.8","0.355","3.9","8.7","0.448","3.2","4.4","0.737","0.7","3.6","4.2","7.9","1.8","0.1","3.1","5","23.6","107","106",1995
"346","Larry Stewart","SF","26","WSB","40","0","346","6","13.1","0.461","0","0.3","0","6","12.8","0.471","2.9","4.4","0.667","4.1","5.7","9.8","2.6","2.3","1.3","2.3","7.6","15","104","110",1995
"347","Bryant Stith","SG","24","DEN","81","51","2329","7","14.9","0.472","0.5","1.5","0.294","6.6","13.4","0.492","6","7.3","0.824","2.1","3.9","6","3.4","2.1","0.4","2.5","3.2","20.5","116","111",1995
"348","John Stockton*","PG","32","UTA","82","82","2867","7.8","14.3","0.542","1.8","4.1","0.449","5.9","10.2","0.58","4.4","5.5","0.804","1","3.5","4.5","18.3","3.5","0.4","4.8","3.9","21.8","125","105",1995
"349","Mark Strickland","PF","24","IND","4","0","9","5.9","17.8","0.333","0","0","0","5.9","17.8","0.333","5.9","11.8","0.5","11.8","11.8","23.7","0","0","5.9","5.9","0","17.8","84","101",1995
"350","Rod Strickland","PG","28","POR","64","61","2267","10","21.4","0.466","1","2.8","0.374","8.9","18.6","0.48","6.4","8.6","0.745","1.6","5.5","7.2","12.7","2.8","0.2","4.7","2.7","27.3","115","105",1995
"351","Derek Strong","PF","26","BOS","70","24","1344","5.7","12.5","0.453","0.1","0.3","0.286","5.6","12.2","0.457","5.4","6.5","0.82","5.2","9.1","14.2","1.7","0.9","0.5","3","5.4","16.8","110","110",1995
"352","Greg Sutton","PG","27","CHH","53","4","690","7.2","17.5","0.409","3.3","8.8","0.374","3.9","8.8","0.443","2.4","3.4","0.711","0.6","3.7","4.3","6.9","2.5","0.2","3.9","8.7","20.1","100","107",1995
"353","Aaron Swinson","SF","24","PHO","9","0","51","9.8","17.7","0.556","0","0","0","9.8","17.7","0.556","3.9","4.9","0.8","2.9","4.9","7.8","2.9","1","0","4.9","7.8","23.5","103","114",1995
"354","Žan Tabak","C","24","HOU","37","0","182","6.7","14.8","0.453","0","0.3","0","6.7","14.6","0.462","7.6","12.3","0.614","6.4","9.5","16","1.1","0.6","2","5","10.4","21","98","107",1995
"355","Roy Tarpley","C","30","DAL","55","1","1354","10.9","22.8","0.479","0.2","0.7","0.278","10.7","22.2","0.485","3.8","4.6","0.836","5.3","11.5","16.8","2.2","1.7","2.1","4.1","5.8","25.9","105","105",1995
"356","Brooks Thompson","PG","24","ORL","38","2","246","9.2","23.4","0.395","3.7","11.9","0.31","5.5","11.5","0.482","1.6","2.5","0.667","1.4","3.3","4.7","8.8","2.1","0.4","5.5","9.4","23.8","97","110",1995
"357","LaSalle Thompson","C","33","IND","38","3","453","5.8","13.9","0.415","0","0","0","5.8","13.9","0.415","1.6","1.9","0.875","3.3","7.2","10.5","2.1","2.1","1.2","3.9","8.9","13.2","86","104",1995
"358","Otis Thorpe","PF","32","TOT","70","35","2096","9.4","16.6","0.565","0","0.2","0","9.4","16.4","0.571","4.1","6.8","0.594","4.9","8.7","13.6","2.7","1","0.7","3.2","5.5","22.8","113","107",1995
"359","Sedale Threatt","PG","33","LAL","59","2","1384","7.9","15.9","0.497","1.3","3.5","0.379","6.6","12.5","0.529","3.2","4","0.793","0.8","3.8","4.5","9","2","0.4","2.6","5.1","20.3","119","112",1995
"360","Wayman Tisdale","PF","30","PHO","65","13","1276","10.9","22.5","0.484","0","0","0","10.9","22.5","0.484","3.7","4.8","0.77","3.3","6.4","9.7","1.8","1.1","1.1","2.5","7.4","25.5","105","111",1995
"361","Tom Tolbert","PF","29","CHH","10","0","57","5.5","16.6","0.333","0","3.7","0","5.5","12.9","0.429","1.8","1.8","1","6.5","9.2","15.7","1.8","0","0","2.8","8.3","12.9","87","108",1995
"362","Keith Tower","C","24","ORL","3","0","7","0","14.4","0","0","0","0","0","14.4","0","7.2","14.4","0.5","7.2","14.4","21.6","0","0","0","7.2","7.2","7.2","47","106",1995
"363","Anthony Tucker","SF","25","WSB","62","13","982","5","10.9","0.457","0","0.1","0","5","10.8","0.459","2.6","4.3","0.614","2.3","6.5","8.8","3.5","2.4","0.6","2.9","6.7","12.6","97","110",1995
"364","Henry Turner","PF","28","SAC","30","0","149","8","19.9","0.404","0.7","1.7","0.4","7.3","18.1","0.404","7","12.2","0.571","5.9","3.8","9.8","2.4","2.8","0.3","4.2","7","23.7","97","107",1995
"365","Jeff Turner","PF","32","ORL","49","5","576","6.4","15.6","0.41","2.4","6.6","0.36","4","9","0.447","2.3","2.5","0.897","2","6.5","8.5","3.3","1.1","0.3","1.9","8.9","17.4","111","110",1995
"366","B.J. Tyler","PG","23","PHI","55","8","809","4.7","12.3","0.381","1","3.3","0.314","3.7","9","0.406","2.3","3.3","0.7","0.8","3.2","4","11.3","2.3","0.1","6.3","3.8","12.7","87","112",1995
"367","Nick Van Exel","PG","23","LAL","80","80","2944","8","19","0.42","3.1","8.8","0.358","4.8","10.2","0.473","4","5.1","0.783","0.5","3.4","3.8","11.3","1.7","0.1","3.8","2.7","23.1","113","113",1995
"368","Loy Vaught","PF","26","LAC","80","79","2966","10.5","20.3","0.514","0.1","0.6","0.212","10.3","19.8","0.523","3","4.3","0.71","4.5","8.8","13.2","2.4","1.8","0.5","2.8","4.2","24","108","110",1995
"369","Fred Vinson","SG","24","ATL","5","0","27","2","13.9","0.143","2","11.9","0.167","0","2","0","2","2","1","0","0","0","2","0","0","4","7.9","7.9","54","115",1995
"370","Kenny Walker","SF","30","WSB","24","0","266","3.4","8","0.429","0","0","0","3.4","8","0.429","4","5.3","0.75","3.6","5.3","9","1.3","1","1","2.9","8","10.9","100","113",1995
"371","Rex Walters","SG","24","NJN","80","30","1435","7.5","17","0.439","2.6","7.1","0.362","4.9","9.9","0.495","1.5","1.9","0.769","0.7","2.7","3.4","4.4","1.3","0.6","2.6","4.9","19","105","112",1995
"372","Charlie Ward","PG","24","NYK","10","0","44","4.8","22.7","0.211","1.2","12","0.1","3.6","10.8","0.333","8.4","12","0.7","1.2","6","7.2","4.8","2.4","0","9.6","8.4","19.1","63","103",1995
"373","Jamie Watson","SF","22","UTA","60","1","673","5.9","11.7","0.5","0.4","1.5","0.263","5.5","10.2","0.534","2.9","4.3","0.679","1.2","4.5","5.7","4.5","2.7","0.8","3.9","6.6","15","97","106",1995
"374","Clarence Weatherspoon","SF","24","PHI","76","76","2991","9.6","21.8","0.439","0.1","0.4","0.19","9.5","21.5","0.443","5","6.6","0.751","2.5","6.7","9.3","3.8","2","1.2","3.4","3.4","24.2","101","109",1995
"375","Spud Webb","PG","31","SAC","76","76","2458","6.4","14.6","0.438","1","3.1","0.331","5.4","11.5","0.467","4.8","5.1","0.934","0.6","3.1","3.7","9.9","1.6","0.2","3.9","3.1","18.6","111","110",1995
"376","Chris Webber","PF","21","WSB","54","52","2067","11.4","23","0.495","1","3.6","0.276","10.4","19.5","0.535","2.9","5.7","0.502","4.9","7.8","12.7","6.3","2","2.1","4.1","4.6","26.7","105","108",1995
"377","Bill Wennington","C","31","CHI","73","1","956","8.5","17.3","0.492","0","0.2","0","8.5","17.1","0.498","2.8","3.4","0.81","3.5","6.9","10.4","2.2","1.2","0.9","2.1","10.8","19.8","110","105",1995
"378","David Wesley","PG","24","BOS","51","36","1380","4.7","11.6","0.409","1.9","4.4","0.429","2.8","7.2","0.397","2.6","3.5","0.755","1.1","3.2","4.3","9.8","3","0.3","3.2","5.3","14","111","110",1995
"379","Doug West","SG","27","MIN","71","65","2328","7.9","17.2","0.461","0.2","1.4","0.18","7.7","15.8","0.485","4.6","5.6","0.837","1.4","3.8","5.1","4.2","1.5","0.5","2.8","5.6","20.7","104","115",1995
"380","Mark West","C","34","DET","67","58","1543","7.2","13","0.556","0","0","0","7.2","13","0.556","2.2","4.6","0.478","5.3","8.3","13.6","0.6","0.9","3.4","2.8","8.2","16.7","104","111",1995
"381","Ennis Whatley","PG","32","ATL","27","2","292","4.4","9.7","0.453","0.4","1.5","0.25","4","8.2","0.489","3.7","5.9","0.625","1.6","3.8","5.5","9.9","3.5","0","3.5","6.8","12.8","108","105",1995
"382","Chris Whitney","PG","23","SAS","25","0","179","4","13.3","0.298","0.9","5.4","0.158","3.1","7.9","0.393","3.1","3.1","1","1.1","2.6","3.7","7.9","1.1","0","5.1","9.6","11.9","84","110",1995
"383","Morlon Wiley","PG","28","TOT","43","2","424","6","14","0.427","3.6","9.5","0.38","2.4","4.6","0.526","0.8","1.2","0.7","0.7","4.4","5.2","9","2.6","0.2","2.8","5.3","16.4","119","110",1995
"384","Dominique Wilkins*","SF","35","BOS","77","64","2423","10.5","24.6","0.424","2.4","6.1","0.388","8.1","18.5","0.436","5.6","7.2","0.782","3.3","5.1","8.4","3.5","1.3","0.3","3.6","2.7","28.9","107","113",1995
"385","Aaron Williams","PF","23","MIL","15","0","72","5.8","17.3","0.333","0","0.7","0","5.8","16.5","0.348","5.8","8.6","0.667","3.6","10.1","13.7","0","1.4","4.3","5","10.1","17.3","78","105",1995
"386","Buck Williams","PF","34","POR","82","82","2422","6.5","12.8","0.512","0","0","0.5","6.5","12.7","0.512","2.9","4.3","0.673","5.3","8.8","14.1","1.6","1.4","1.5","2.5","5.4","16","112","105",1995
"387","Herb Williams","C","36","NYK","56","3","743","5.8","12.8","0.456","0","0","0","5.8","12.8","0.456","1.6","2.6","0.622","1.6","7.7","9.4","1.9","0.9","3.2","2.8","7.7","13.3","89","102",1995
"388","Hot Rod Williams","PF","32","CLE","74","73","2641","7.8","17.4","0.452","0","0.1","0.2","7.8","17.3","0.453","4.2","6.1","0.685","3.7","7.2","10.9","4.1","1.8","2.2","3.2","4.5","19.9","102","103",1995
"389","Jayson Williams","PF","26","NJN","75","6","982","7.9","17.1","0.461","0","0.3","0","7.9","16.8","0.469","3.4","6.5","0.533","9.5","13","22.5","1.9","1.4","1.7","3.1","8.5","19.2","104","104",1995
"390","John Williams","SF","28","IND","34","0","402","5.4","15.3","0.357","0.5","1.6","0.333","4.9","13.7","0.359","1.9","3.3","0.56","3.1","5.2","8.2","3.6","1.3","0.3","4.6","6.4","13.3","79","108",1995
"391","Lorenzo Williams","C","25","DAL","82","81","2383","3.1","6.5","0.477","0","0","0","3.1","6.5","0.477","0.8","2.1","0.376","6.2","8.5","14.7","2.6","1.1","3.1","2.2","6.5","7","103","108",1995
"392","Micheal Williams","PG","28","MIN","1","1","28","1.9","7.5","0.25","0","0","0","1.9","7.5","0.25","7.5","9.4","0.8","0","1.9","1.9","5.6","3.8","0","5.6","5.6","11.3","81","112",1995
"393","Monty Williams","SF","23","NYK","41","23","503","6.3","13.9","0.451","0","0.8","0","6.3","13.1","0.48","1.8","4","0.447","4.4","5.9","10.3","5.1","2.1","0.4","4.3","9.1","14.3","91","104",1995
"394","Reggie Williams","SF","30","DEN","74","70","2198","9.3","20.2","0.459","2","6.4","0.32","7.2","13.8","0.522","3.2","4.2","0.759","2.2","5.6","7.9","5.5","2.7","1.6","3","6.3","23.7","111","107",1995
"395","Scott Williams","PF","26","PHI","77","43","1781","6.1","12.9","0.475","0","0.2","0","6.1","12.6","0.482","2.3","3.2","0.738","5.1","9.2","14.4","1.7","2.1","1.2","2.5","7","14.5","106","107",1995
"396","Walt Williams","SF","24","SAC","77","77","2739","8.4","18.9","0.446","2","5.6","0.348","6.5","13.3","0.487","5","6.9","0.731","1.9","4.6","6.5","6","2.3","1.2","4.6","5","23.9","104","106",1995
"397","Kevin Willis","PF","32","TOT","67","63","2390","10.2","22","0.466","0.1","0.3","0.2","10.2","21.6","0.47","4.4","6.4","0.69","4.9","10.9","15.8","1.9","1.3","0.8","3.5","4.7","25","102","107",1995
"398","Trevor Wilson","PF","26","SAC","15","0","147","6.4","14.1","0.45","0","0","0","6.4","14.1","0.45","3.9","5","0.786","3.5","5.7","9.2","4.2","1.4","0.7","2.1","4.2","16.6","111","108",1995
"399","David Wingate","SG","31","CHH","52","9","515","5.1","12.5","0.41","0.4","2.2","0.182","4.7","10.2","0.46","1.8","2.5","0.75","1.1","5","6.1","5.7","1.9","0.6","2.8","6.1","12.5","95","107",1995
"400","Dontonio Wingfield","SF","20","SEA","20","0","81","11.2","31.7","0.353","1.2","7.4","0.167","9.9","24.2","0.41","5","6.2","0.8","6.8","11.8","18.6","1.9","3.1","1.9","5","9.3","28.6","89","99",1995
"401","Joe Wolf","PF","30","CHH","63","6","583","3.4","7.3","0.469","0.2","0.5","0.333","3.3","6.8","0.48","1.1","1.4","0.75","3.1","8.6","11.6","3.3","0.8","0.5","2","9.1","8.1","106","107",1995
"402","David Wood","PF","30","GSW","78","13","1336","5.6","12","0.469","1.1","3.3","0.341","4.5","8.6","0.519","3.3","4.3","0.778","3","5.8","8.8","2.4","1","0.5","1.9","8","15.7","115","114",1995
"403","Randy Woods","PG","24","LAC","62","3","495","3.8","12","0.316","2.3","7.6","0.297","1.5","4.4","0.349","2.9","3.9","0.737","1","3.5","4.5","13.8","4.2","0","5.7","8.9","12.8","94","109",1995
"404","Haywoode Workman","PG","29","IND","69","14","1028","5.2","13.9","0.375","1.8","5.1","0.357","3.4","8.9","0.386","2.9","3.8","0.743","1.1","4.7","5.8","10.1","3.1","0.3","3.8","6","15.1","103","105",1995
"405","Sharone Wright","C","22","PHI","79","49","2044","9.3","20","0.465","0","0.2","0","9.3","19.8","0.47","4.7","7.3","0.645","4.9","7.3","12.2","1.2","1","2.7","3.9","6.3","23.3","99","109",1995
"406","Danny Young","PG","32","MIL","7","0","77","6.1","11.4","0.529","3.4","8.1","0.417","2.7","3.4","0.8","0.7","0.7","1","0.7","2.7","3.4","8.1","2.7","0","2.7","5.4","16.1","129","112",1995
